"Time_Iter","Outer_Iter","Inner_Iter",    "rms[Rho]"    ,    "rms[RhoU]"   ,    "rms[RhoV]"   ,    "rms[RhoE]"   
          0,           0,           0,      -1.459323812,      0.4589135822,   -0.003625041547,        3.98686287
          0,           0,           1,      -1.848982621,      0.5481262631,      0.7328341548,       3.611671182
          0,           0,           2,      -1.823858885,      0.6376138909,      0.6709098537,       3.633504063
          0,           0,           3,      -1.842642558,      0.6883719423,      0.7069643236,       3.607868499
          0,           0,           4,      -1.813403606,      0.6854737283,       0.694424067,       3.632082211
          0,           0,           5,      -1.789453284,      0.6533781057,       0.674385141,       3.658305273
          0,           0,           6,      -1.766062357,      0.6690164035,      0.6839758503,       3.690291947
          0,           0,           7,      -1.767479585,      0.7032315327,      0.7311008141,       3.687874385
          0,           0,           8,      -1.756874665,      0.6855239922,      0.7308844129,       3.684026782
          0,           0,           9,      -1.732554304,      0.6463076131,      0.6909566122,       3.705810421
          0,           0,          10,      -1.715963566,      0.6908215604,      0.7172602692,       3.734940321
          0,           0,          11,      -1.705318323,      0.7588797062,      0.7906603075,       3.749918251
          0,           0,          12,      -1.698846803,       0.770331306,      0.8152437325,       3.745176988
          0,           0,          13,      -1.706794537,      0.7233786215,      0.7692716442,       3.725178235
          0,           0,          14,      -1.727871168,      0.6472905699,      0.6754133276,       3.706108162
          0,           0,          15,      -1.749095513,        0.60515954,      0.6230128665,       3.698498758
          0,           0,          16,      -1.763117614,      0.6335938695,      0.6672638328,       3.692293406
          0,           0,          17,      -1.773815364,      0.6745042436,      0.7150589429,       3.674662376
          0,           0,          18,       -1.78996222,        0.67986487,      0.7142786095,        3.64385577
          0,           0,          19,      -1.819811452,      0.6398569387,      0.6635646083,       3.604589937
          0,           0,          20,      -1.865526707,      0.5612314832,      0.5781524854,        3.56252264
          0,           0,          21,      -1.920439571,       0.469230169,      0.4914609092,       3.521406645
          0,           0,          22,      -1.966914208,      0.4155051774,      0.4505643835,        3.48632066
          0,           0,          23,      -1.996303986,      0.4228095556,      0.4596364968,       3.457177668
          0,           0,          24,      -2.015824674,      0.4518719667,      0.4816875733,       3.429589349
          0,           0,          25,      -2.036458368,      0.4659471243,       0.488049575,       3.399218376
          0,           0,          26,      -2.082427557,      0.4477713724,      0.4605992737,       3.345095441
          0,           0,          27,      -2.127927485,      0.4012359447,      0.4059559821,       3.296420797
          0,           0,          28,      -2.172422355,      0.3348859261,      0.3309765441,       3.255114605
          0,           0,          29,      -2.215695326,      0.2624610093,      0.2481815822,       3.220749952
          0,           0,          30,      -2.254476409,      0.2128465327,      0.1901629135,       3.193469135
          0,           0,          31,      -2.282100081,      0.2121587138,      0.1914315037,       3.174212304
          0,           0,          32,      -2.296861001,      0.2433384105,      0.2297533563,        3.15900401
          0,           0,          33,       -2.30553695,      0.2730556437,      0.2630637425,       3.141935595
          0,           0,          34,       -2.31855425,      0.2844963198,      0.2738506614,        3.11735347
          0,           0,          35,      -2.342191143,      0.2732723393,      0.2619046574,       3.083182467
          0,           0,          36,      -2.374704675,       0.246717963,      0.2355499719,       3.043214998
          0,           0,          37,      -2.410505671,      0.2090843294,      0.1969835363,       3.004448015
          0,           0,          38,      -2.445544126,      0.1623554188,      0.1474576409,       2.971919011
          0,           0,          39,      -2.475334763,      0.1097533439,     0.08996397062,       2.949635947
          0,           0,          40,      -2.497073103,     0.05724479293,     0.03137406595,       2.938145478
          0,           0,          41,      -2.511553911,     0.01528035033,    -0.01427718375,       2.933547263
          0,           0,          42,      -2.522379659,   -0.004818977973,    -0.03011318072,       2.929467035
          0,           0,          43,      -2.533442785,   -0.000793775638,    -0.01391596431,        2.92105557
          0,           0,          44,      -2.547193708,     0.01822236723,     0.01914049004,       2.905601284
          0,           0,          45,      -2.563185166,     0.04017282159,     0.05256144322,        2.88349477
          0,           0,          46,      -2.579963576,     0.05546235361,     0.07578178638,       2.856436907
          0,           0,          47,      -2.594506115,     0.05797701779,     0.08313715602,       2.829268059
          0,           0,          48,      -2.604213759,     0.04569373964,     0.07321905743,       2.808760034
          0,           0,          49,      -2.608773631,     0.01884259415,     0.04652656622,       2.799798542
          0,           0,          50,      -2.609785972,    -0.02023512888,     0.00554468698,        2.80258354
          0,           0,          51,      -2.611246754,    -0.06608154043,    -0.04380721054,       2.811031605
          0,           0,          52,      -2.616610672,     -0.1082256196,    -0.08874640815,       2.817227985
          0,           0,          53,      -2.627229486,     -0.1357640317,      -0.115187812,       2.816146007
          0,           0,          54,      -2.643058441,     -0.1446306863,     -0.1187508668,       2.805339544
          0,           0,          55,      -2.662499944,     -0.1403591044,     -0.1085411814,       2.785210933
          0,           0,          56,      -2.683910933,     -0.1325692338,    -0.09781644146,       2.757432411
          0,           0,          57,      -2.704668057,     -0.1292784252,    -0.09521187287,       2.726671549
          0,           0,          58,       -2.72166411,     -0.1330192461,     -0.1018615484,       2.700490223
          0,           0,          59,      -2.732274254,     -0.1427897983,      -0.114224607,       2.686106607
          0,           0,          60,      -2.734836796,     -0.1556779925,     -0.1265046103,       2.686555901
          0,           0,          61,      -2.731469004,     -0.1690677032,     -0.1345054938,       2.696753073
          0,           0,          62,      -2.726492389,     -0.1821729904,     -0.1390609638,       2.707831753
          0,           0,          63,      -2.723444441,     -0.1958651524,     -0.1448999479,       2.714188578
          0,           0,          64,      -2.724441971,     -0.2113293552,     -0.1567500614,       2.713821187
          0,           0,          65,      -2.728956536,     -0.2275957586,     -0.1758109278,       2.708529428
          0,           0,          66,      -2.734777941,     -0.2394632745,     -0.1978726341,       2.701892201
          0,           0,          67,      -2.738011497,     -0.2388270622,     -0.2115064364,       2.698259362
          0,           0,          68,      -2.735192287,       -0.22070205,     -0.2051832476,       2.700725133
          0,           0,          69,      -2.725834159,     -0.1896213815,     -0.1790656387,       2.708920527
          0,           0,          70,      -2.712905209,     -0.1568384166,      -0.145812736,       2.719522287
          0,           0,          71,      -2.699373582,     -0.1318396421,     -0.1182379296,       2.730380623
          0,           0,          72,      -2.693786515,     -0.1246648618,      -0.108760145,       2.733170849
          0,           0,          73,       -2.69533774,     -0.1350520505,     -0.1176413598,       2.730046681
          0,           0,          74,      -2.701878475,     -0.1605576713,     -0.1425831657,       2.723837218
          0,           0,          75,      -2.711365293,     -0.1974781638,     -0.1801073823,       2.716437284
          0,           0,          76,      -2.722258466,     -0.2405222766,     -0.2252683239,       2.708587993
          0,           0,          77,        -2.7327576,     -0.2823103903,     -0.2712924184,       2.701600327
          0,           0,          78,      -2.741747274,     -0.3101393726,     -0.3044413176,       2.695552844
          0,           0,          79,       -2.74820776,     -0.3115492965,     -0.3090856761,       2.690455444
          0,           0,          80,      -2.751256629,     -0.2856574448,     -0.2821954765,       2.686549781
          0,           0,          81,      -2.750369632,     -0.2444328902,     -0.2371649412,       2.684306291
          0,           0,          82,      -2.745739141,     -0.2016297836,     -0.1900175487,       2.684119181
          0,           0,          83,      -2.738448738,     -0.1659690848,     -0.1505348784,       2.685952592
          0,           0,          84,      -2.729494889,     -0.1406484308,     -0.1220457313,       2.690080617
          0,           0,          85,      -2.722600332,     -0.1295413485,     -0.1085176877,       2.693453668
          0,           0,          86,      -2.718522025,     -0.1319206801,      -0.109002132,       2.696046424
          0,           0,          87,      -2.718391639,     -0.1478344181,     -0.1235681632,       2.696943081
          0,           0,          88,      -2.722765273,     -0.1770949311,     -0.1521770291,       2.695517984
          0,           0,          89,      -2.731583192,     -0.2189377328,     -0.1944680676,       2.691532859
          0,           0,          90,      -2.744152039,     -0.2708785126,     -0.2488099868,       2.685158736
          0,           0,          91,      -2.759144215,     -0.3262541018,     -0.3098784594,       2.676938078
          0,           0,          92,      -2.774669828,     -0.3711642991,     -0.3644415343,       2.667694563
          0,           0,          93,      -2.788532213,     -0.3873645188,     -0.3909837312,       2.658381774
          0,           0,          94,      -2.798363144,     -0.3670789972,     -0.3752935656,       2.650369655
          0,           0,          95,      -2.803088676,     -0.3224359061,     -0.3284630092,        2.64410602
          0,           0,          96,      -2.803232772,     -0.2734762151,     -0.2746305887,       2.639070133
          0,           0,          97,      -2.800252348,     -0.2317935831,     -0.2282347913,       2.634914769
          0,           0,          98,      -2.796205585,     -0.2020736089,     -0.1948299999,       2.631086682
          0,           0,          99,      -2.792674383,     -0.1854281319,     -0.1755857859,       2.627478933
          0,           0,         100,      -2.791984449,      -0.182760673,     -0.1714157912,       2.622846099
          0,           0,         101,       -2.79526456,      -0.194763079,     -0.1828726112,       2.616870894
          0,           0,         102,      -2.802914797,     -0.2214050592,     -0.2099523849,       2.609641665
          0,           0,         103,      -2.814757954,     -0.2623665774,     -0.2524819183,       2.601447787
          0,           0,         104,       -2.82985037,     -0.3165856925,     -0.3096023226,       2.593047737
          0,           0,         105,      -2.847645098,     -0.3799557155,     -0.3771988081,       2.584264387
          0,           0,         106,      -2.866390134,     -0.4392362962,     -0.4399379119,       2.575028981
          0,           0,         107,      -2.884103398,      -0.473319211,     -0.4724390184,       2.565279418
          0,           0,         108,      -2.898892078,     -0.4678841207,     -0.4592258785,       2.554894765
          0,           0,         109,      -2.909133496,     -0.4323590676,     -0.4148216353,       2.544272152
          0,           0,         110,      -2.915032409,     -0.3882643466,     -0.3646674936,       2.532975638
          0,           0,         111,      -2.918239739,     -0.3520724456,      -0.325364286,       2.520364757
          0,           0,         112,      -2.920844327,     -0.3299510828,     -0.3020767201,       2.506637592
          0,           0,         113,      -2.924981597,     -0.3235928723,     -0.2958353125,       2.492229263
          0,           0,         114,      -2.931965931,     -0.3330987429,     -0.3063873267,        2.47811786
          0,           0,         115,      -2.943734104,     -0.3587771865,     -0.3341935293,       2.463964763
          0,           0,         116,      -2.960437869,     -0.3997855811,     -0.3783003265,       2.450258819
          0,           0,         117,      -2.981459048,     -0.4537896962,     -0.4364149555,       2.437090601
          0,           0,         118,      -3.005440441,     -0.5150384947,     -0.5025944916,       2.424149913
          0,           0,         119,      -3.030302971,     -0.5715450794,      -0.563736502,       2.411210036
          0,           0,         120,      -3.054452724,     -0.6050208963,     -0.5989902903,       2.397061684
          0,           0,         121,      -3.076618326,     -0.6054278224,     -0.5968916382,       2.379944391
          0,           0,         122,      -3.096434482,     -0.5832618857,     -0.5705326632,       2.358954052
          0,           0,         123,      -3.114510669,     -0.5564299105,     -0.5404001162,       2.333805269
          0,           0,         124,      -3.131415164,     -0.5363562619,     -0.5185268995,       2.305674164
          0,           0,         125,      -3.149044642,      -0.528934636,     -0.5104978953,       2.275285926
          0,           0,         126,      -3.168151099,     -0.5367386572,     -0.5183838297,       2.245166901
          0,           0,         127,      -3.188437396,     -0.5596459696,     -0.5418359936,       2.218886392
          0,           0,         128,      -3.208957886,     -0.5963235664,     -0.5793199663,       2.199379594
          0,           0,         129,      -3.228377411,      -0.644023532,     -0.6277369958,       2.187712075
          0,           0,         130,      -3.246889499,     -0.6972822041,     -0.6809063412,       2.180890351
          0,           0,         131,      -3.265314067,     -0.7458813646,     -0.7272147282,       2.173692323
          0,           0,         132,      -3.284737187,      -0.778455479,     -0.7547496308,       2.161896995
          0,           0,         133,      -3.306236891,     -0.7894589575,     -0.7594186515,        2.14278826
          0,           0,         134,      -3.329541888,     -0.7835096982,     -0.7479327825,       2.116350849
          0,           0,         135,      -3.353728607,     -0.7708927349,     -0.7316056756,       2.084249973
          0,           0,         136,      -3.376227017,     -0.7615000032,     -0.7198838349,       2.051287021
          0,           0,         137,      -3.393434747,     -0.7600901267,     -0.7170612828,       2.025292243
          0,           0,         138,      -3.402860797,     -0.7681943647,     -0.7244801942,       2.012908059
          0,           0,         139,       -3.40418891,      -0.785426849,     -0.7417316708,       2.015436294
          0,           0,         140,      -3.401562419,     -0.8104380787,     -0.7677806535,       2.025861763
          0,           0,         141,       -3.40042251,     -0.8400941456,     -0.7998577494,       2.034586316
          0,           0,         142,      -3.403592078,     -0.8684886641,     -0.8323560157,       2.036514288
          0,           0,         143,      -3.411537301,     -0.8871585337,     -0.8563153074,       2.030288085
          0,           0,         144,      -3.421493107,     -0.8883996795,     -0.8620877173,       2.018678612
          0,           0,         145,        -3.4293181,     -0.8715030507,     -0.8470829322,       2.006473529
          0,           0,         146,      -3.431176365,     -0.8459831428,     -0.8203113282,       1.998945865
          0,           0,         147,      -3.425728837,     -0.8226029341,     -0.7939971736,       1.999755714
          0,           0,         148,      -3.415497493,     -0.8092189966,     -0.7772368071,       2.008048479
          0,           0,         149,      -3.404280228,     -0.8100939228,      -0.774819615,       2.020420992
          0,           0,         150,       -3.39723566,     -0.8276252156,      -0.789466856,       2.031202884
          0,           0,         151,      -3.398885743,     -0.8600936778,     -0.8195940293,       2.034045922
          0,           0,         152,      -3.406502421,     -0.9007349661,     -0.8588267959,       2.030820464
          0,           0,         153,      -3.417199449,     -0.9388818929,     -0.8975196328,       2.023441739
          0,           0,         154,      -3.428366252,     -0.9623746414,     -0.9243541711,       2.013651816
          0,           0,         155,      -3.437944592,     -0.9641817007,     -0.9315457545,       2.002996666
          0,           0,         156,      -3.443806854,     -0.9455088151,     -0.9184151635,       1.993836703
          0,           0,         157,      -3.444218297,     -0.9131272343,     -0.8901366081,       1.988581297
          0,           0,         158,      -3.439600942,     -0.8769973677,     -0.8561108657,       1.987572127
          0,           0,         159,      -3.431313675,     -0.8446022613,     -0.8242758148,       1.990427961
          0,           0,         160,      -3.421144544,      -0.820281646,     -0.7995759878,       1.996250718
          0,           0,         161,      -3.410954445,     -0.8063012152,     -0.7846729575,       2.003775041
          0,           0,         162,      -3.402436425,     -0.8038386338,     -0.7809390607,       2.011565485
          0,           0,         163,      -3.396948313,     -0.8135267079,     -0.7890839652,        2.01825797
          0,           0,         164,        -3.3953999,     -0.8356412011,     -0.8093940421,       2.022769781
          0,           0,         165,      -3.398181022,     -0.8699607393,     -0.8416108348,       2.024425321
          0,           0,         166,      -3.405114899,     -0.9151022368,     -0.8842973418,       2.022997794
          0,           0,         167,      -3.415424314,     -0.9668667177,     -0.9333146305,        2.01869702
          0,           0,         168,      -3.427719455,      -1.015418187,     -0.9793315447,        2.01213234
          0,           0,         169,      -3.440068788,      -1.044355822,      -1.007129552,       2.004251487
          0,           0,         170,      -3.450267096,      -1.039999608,      -1.003822748,       1.996224774
          0,           0,         171,      -3.456374528,      -1.005967851,     -0.9719714056,        1.98924148
          0,           0,         172,      -3.457387427,     -0.9588273904,      -0.926605746,        1.98423312
          0,           0,         173,      -3.452746747,     -0.9110307751,     -0.8796642241,        1.98264038
          0,           0,         174,      -3.445110973,      -0.872686523,     -0.8414723407,       1.982911032
          0,           0,         175,      -3.436860218,     -0.8468892634,     -0.8153547842,       1.984170095
          0,           0,         176,      -3.430185617,     -0.8345496868,     -0.8023858537,       1.985426389
          0,           0,         177,      -3.426753872,     -0.8358870639,     -0.8028400961,       1.985755467
          0,           0,         178,      -3.427303359,      -0.851256099,     -0.8170877815,       1.984913574
          0,           0,         179,      -3.432804047,     -0.8803510405,     -0.8445788441,       1.981632201
          0,           0,         180,      -3.443087324,     -0.9228993947,     -0.8850944523,       1.975966528
          0,           0,         181,      -3.457352058,     -0.9773837906,     -0.9371228463,       1.968280483
          0,           0,         182,      -3.474394756,      -1.038876824,     -0.9959959254,       1.959021246
          0,           0,         183,      -3.492337964,      -1.095245314,      -1.050623609,       1.949139946
          0,           0,         184,      -3.509572234,      -1.125061753,      -1.081621954,        1.93888699
          0,           0,         185,      -3.524118544,      -1.113839303,      -1.074711124,       1.928341714
          0,           0,         186,      -3.534407782,      -1.073108062,      -1.038705313,        1.91792462
          0,           0,         187,      -3.539870121,      -1.024792776,     -0.9937252227,       1.908000825
          0,           0,         188,      -3.540673215,     -0.9822245159,     -0.9531863242,       1.899360366
          0,           0,         189,      -3.539079166,     -0.9516961743,     -0.9238970511,       1.891337976
          0,           0,         190,      -3.537660776,     -0.9361343434,     -0.9091177282,       1.883315434
          0,           0,         191,      -3.538490754,     -0.9356884949,     -0.9092428423,       1.875038184
          0,           0,         192,      -3.543085134,     -0.9500810642,     -0.9240898937,       1.866271625
          0,           0,         193,      -3.552014023,     -0.9790901051,     -0.9533706765,        1.85721844
          0,           0,         194,      -3.566344969,      -1.022772808,      -0.997005374,       1.846973873
          0,           0,         195,      -3.585528709,       -1.07892057,       -1.05202225,       1.835448589
          0,           0,         196,      -3.608390779,      -1.142124556,      -1.112023567,       1.822562585
          0,           0,         197,      -3.633109545,      -1.200425036,       -1.16435351,       1.808259135
          0,           0,         198,      -3.657138696,      -1.235466417,      -1.192124433,       1.793020336
          0,           0,         199,      -3.678626697,      -1.234949304,      -1.187022694,        1.77646086
          0,           0,         200,      -3.696402516,      -1.208868069,      -1.160657456,       1.757895681
          0,           0,         201,      -3.710424436,      -1.176574994,       -1.13043118,       1.737427552
          0,           0,         202,      -3.721817947,      -1.151018863,      -1.107428696,       1.715525191
          0,           0,         203,      -3.731824973,      -1.137361849,      -1.095959606,       1.693549661
          0,           0,         204,      -3.743061538,      -1.137877106,       -1.09808703,       1.671669845
          0,           0,         205,      -3.756949963,      -1.153176677,        -1.1141944,       1.650949922
          0,           0,         206,      -3.774016881,        -1.1823459,      -1.143359365,       1.632408336
          0,           0,         207,      -3.794100612,      -1.223500573,      -1.183785515,       1.616415044
          0,           0,         208,      -3.816286738,      -1.273318283,      -1.232376938,       1.602916948
          0,           0,         209,      -3.840324078,       -1.32537218,      -1.283582338,       1.590058604
          0,           0,         210,      -3.865554749,      -1.369234835,      -1.327902433,       1.575314174
          0,           0,         211,      -3.891358403,      -1.395518146,      -1.356415483,       1.556831988
          0,           0,         212,      -3.917320245,       -1.40210322,      -1.366013694,       1.533427937
          0,           0,         213,      -3.942464554,      -1.395057031,      -1.361111855,       1.505652718
          0,           0,         214,      -3.966564479,      -1.384157643,      -1.350160185,       1.474263908
          0,           0,         215,      -3.988864899,      -1.377833221,      -1.341341023,       1.441784317
          0,           0,         216,      -4.007938385,      -1.379880407,      -1.339114085,       1.412871533
          0,           0,         217,      -4.022470094,      -1.391453679,       -1.34546606,       1.392306217
          0,           0,         218,      -4.031221787,      -1.411929576,      -1.360672086,       1.383361274
          0,           0,         219,      -4.035997966,        -1.4397988,      -1.384522523,       1.383294263
          0,           0,         220,      -4.039758241,      -1.471713771,      -1.415383006,       1.385958414
          0,           0,         221,      -4.044390438,      -1.501873429,      -1.449151306,       1.386797876
          0,           0,         222,      -4.050924688,      -1.522618887,      -1.478416455,       1.383197975
          0,           0,         223,      -4.058489801,      -1.527366375,      -1.493561135,       1.375620309
          0,           0,         224,       -4.06557027,      -1.515777636,      -1.488828884,       1.365908904
          0,           0,         225,      -4.070481254,      -1.496145286,      -1.469219055,       1.356737004
          0,           0,         226,      -4.071701514,      -1.477756763,      -1.445685418,       1.351606454
          0,           0,         227,      -4.069242327,      -1.467673169,      -1.428091791,       1.352388276
          0,           0,         228,      -4.063602448,      -1.469845657,      -1.422140869,       1.359585891
          0,           0,         229,      -4.058046071,      -1.486491017,      -1.431121317,       1.369562062
          0,           0,         230,      -4.056529003,      -1.516289067,      -1.455014368,       1.376318283
          0,           0,         231,      -4.059311764,      -1.553238631,      -1.489141772,       1.378019963
          0,           0,         232,      -4.064149882,      -1.587328551,       -1.52520325,       1.375870651
          0,           0,         233,       -4.06958229,      -1.607087514,      -1.552572134,       1.370668501
          0,           0,         234,      -4.074374561,      -1.605684995,      -1.562131489,       1.363595071
          0,           0,         235,      -4.077388053,      -1.584695924,      -1.550929926,       1.356200771
          0,           0,         236,      -4.077771046,      -1.552438928,      -1.524082126,       1.350019438
          0,           0,         237,      -4.074965594,      -1.517461565,      -1.490245034,       1.346638224
          0,           0,         238,      -4.069544725,      -1.486410991,      -1.457731845,       1.346556726
          0,           0,         239,      -4.062441233,      -1.463218323,      -1.431920261,        1.34977173
          0,           0,         240,      -4.054793803,      -1.450048772,      -1.415760549,       1.355701355
          0,           0,         241,      -4.047788753,      -1.448137529,       -1.41079323,       1.363289725
          0,           0,         242,       -4.04250551,      -1.458234108,      -1.417846954,       1.371257202
          0,           0,         243,      -4.039786286,      -1.480717449,      -1.437336048,       1.378367235
          0,           0,         244,      -4.040127188,      -1.515373326,       -1.46918358,       1.383627865
          0,           0,         245,      -4.043590914,      -1.560590298,      -1.512225612,       1.386405411
          0,           0,         246,      -4.049747744,      -1.611462182,      -1.562667534,       1.386465965
          0,           0,         247,      -4.057656641,      -1.656801653,      -1.611282332,       1.383974801
          0,           0,         248,      -4.065918889,      -1.679171926,      -1.641845473,       1.379472295
          0,           0,         249,      -4.072866068,      -1.666542521,      -1.639214659,        1.37381676
          0,           0,         250,      -4.076929076,      -1.625788442,      -1.604977903,       1.368064777
          0,           0,         251,      -4.077122614,      -1.574398514,      -1.555477146,       1.363270532
          0,           0,         252,       -4.07342155,      -1.525695754,      -1.505921387,       1.360234435
          0,           0,         253,      -4.066788964,       -1.48608772,      -1.464422891,       1.359291026
          0,           0,         254,      -4.057953049,       -1.45679747,       -1.43308362,       1.361214202
          0,           0,         255,      -4.049929666,      -1.440554482,      -1.414981553,       1.364001336
          0,           0,         256,      -4.044371494,      -1.437596311,      -1.410458049,       1.366728793
          0,           0,         257,      -4.042351372,      -1.448020751,      -1.419633303,       1.368634705
          0,           0,         258,      -4.044416432,      -1.471615505,      -1.442208492,       1.369006336
          0,           0,         259,       -4.05022183,      -1.508420315,      -1.478326159,       1.368072887
          0,           0,         260,      -4.059995974,       -1.55769014,      -1.527280585,       1.364967425
          0,           0,         261,      -4.072899749,      -1.616229766,      -1.585919164,       1.359781603
          0,           0,         262,       -4.08770379,      -1.675024503,      -1.645215634,       1.352742232
          0,           0,         263,      -4.102843475,       -1.71610573,      -1.686881634,       1.344193761
          0,           0,         264,      -4.116184141,      -1.719679265,      -1.690408046,       1.335133934
          0,           0,         265,      -4.126225018,      -1.685306264,      -1.655133042,       1.325931082
          0,           0,         266,       -4.13210445,      -1.634635603,      -1.603326162,       1.316655438
          0,           0,         267,      -4.133714918,      -1.586210512,      -1.553983915,       1.307924488
          0,           0,         268,      -4.131993563,      -1.548657503,      -1.515845306,        1.30027515
          0,           0,         269,      -4.128109586,      -1.524358539,      -1.491245196,       1.294553891
          0,           0,         270,      -4.124793224,      -1.514497575,      -1.481433675,       1.289844136
          0,           0,         271,       -4.12410903,      -1.519831232,      -1.487025555,       1.285531332
          0,           0,         272,      -4.127414371,       -1.54018295,       -1.50776932,       1.281038938
          0,           0,         273,      -4.135461333,      -1.575252509,      -1.543257178,       1.275732701
          0,           0,         274,      -4.148161963,      -1.624526114,      -1.592745315,       1.269419405
          0,           0,         275,      -4.165731952,      -1.685814838,        -1.6536651,       1.261121125
          0,           0,         276,      -4.186967061,      -1.750310173,      -1.716147374,       1.250365137
          0,           0,         277,      -4.210114604,      -1.800936153,      -1.762568507,       1.236999551
          0,           0,         278,       -4.23297842,      -1.817796142,      -1.774865906,       1.221125061
          0,           0,         279,      -4.252888386,       -1.79748367,       -1.75273823,       1.203718605
          0,           0,         280,      -4.268647954,      -1.758144765,      -1.714370234,       1.184889573
          0,           0,         281,      -4.280300618,      -1.720429817,      -1.678831449,        1.16477867
          0,           0,         282,       -4.28891066,      -1.694157245,      -1.654932115,       1.144358533
          0,           0,         283,      -4.296270686,      -1.682588652,      -1.645573898,        1.12477483
          0,           0,         284,      -4.303807442,      -1.686140536,      -1.651057302,       1.107575988
          0,           0,         285,      -4.314101335,      -1.705238186,      -1.671690174,       1.092277561
          0,           0,         286,      -4.328241848,      -1.739381976,      -1.706451282,       1.078714334
          0,           0,         287,      -4.346590285,      -1.786846905,      -1.753032907,       1.066117976
          0,           0,         288,      -4.368952619,      -1.843864299,      -1.806791032,       1.053203058
          0,           0,         289,      -4.394438682,      -1.902948237,      -1.859345075,       1.038972072
          0,           0,         290,      -4.422432876,      -1.950966708,       -1.89816389,       1.021756604
          0,           0,         291,      -4.451704294,      -1.974722954,      -1.913550182,      0.9999621202
          0,           0,         292,      -4.480709362,      -1.973644724,      -1.908414225,      0.9732987191
          0,           0,         293,       -4.50782979,      -1.959515748,      -1.894310565,      0.9425724152
          0,           0,         294,      -4.530888232,      -1.944664435,      -1.881364546,      0.9106756813
          0,           0,         295,      -4.549691647,      -1.937318792,      -1.875860478,      0.8801288705
          0,           0,         296,      -4.564589849,      -1.941614199,      -1.880834949,      0.8542266682
          0,           0,         297,      -4.576278453,      -1.957805942,      -1.896285607,      0.8358114776
          0,           0,         298,      -4.586030285,      -1.984198401,      -1.920703186,      0.8251011758
          0,           0,         299,      -4.594907979,      -2.017395891,      -1.951271161,       0.820151222
          0,           0,         300,       -4.60494453,      -2.052109343,      -1.984178542,      0.8164708541
          0,           0,         301,      -4.617797598,      -2.081360112,      -2.014329803,      0.8094639131
          0,           0,         302,      -4.633561024,      -2.099260179,      -2.037022995,      0.7972924541
          0,           0,         303,      -4.651221207,      -2.104212714,      -2.049531752,      0.7802262878
          0,           0,         304,      -4.667859994,      -2.099352478,      -2.052004111,      0.7615799087
          0,           0,         305,      -4.681021148,      -2.091014308,      -2.047792522,       0.745156554
          0,           0,         306,      -4.689056558,      -2.086463456,      -2.042568125,      0.7344458519
          0,           0,         307,       -4.69152554,      -2.089869744,      -2.040947588,      0.7317125213
          0,           0,         308,      -4.689879571,      -2.103050655,      -2.045914141,       0.735924684
          0,           0,         309,      -4.685610062,      -2.125249071,      -2.058224189,      0.7447379099
          0,           0,         310,      -4.681367944,      -2.152738035,      -2.076685104,      0.7539021693
          0,           0,         311,      -4.681757543,      -2.178548421,      -2.098427319,        0.75618775
          0,           0,         312,      -4.684716608,      -2.194351282,      -2.117906894,      0.7531240249
          0,           0,         313,      -4.688355844,      -2.194868407,      -2.129537057,      0.7466294295
          0,           0,         314,      -4.691359038,      -2.181528959,      -2.130565502,      0.7385490162
          0,           0,         315,      -4.692799405,      -2.159672647,      -2.121702582,      0.7307968996
          0,           0,         316,      -4.691673415,      -2.134050044,      -2.105281757,      0.7256410531
          0,           0,         317,      -4.688029296,      -2.109491867,      -2.085428397,      0.7241246644
          0,           0,         318,      -4.682801995,      -2.090031961,      -2.066839842,       0.726097381
          0,           0,         319,      -4.676910793,      -2.078269702,       -2.05328884,      0.7310559453
          0,           0,         320,      -4.671261238,      -2.075812764,      -2.047394284,      0.7380912625
          0,           0,         321,      -4.666715571,      -2.083702186,      -2.050825113,      0.7460075982
          0,           0,         322,      -4.663996586,      -2.102589026,      -2.064527705,      0.7535740257
          0,           0,         323,      -4.663576157,      -2.132570349,      -2.088741513,      0.7597559494
          0,           0,         324,      -4.665574798,      -2.172515918,      -2.122626055,      0.7638561364
          0,           0,         325,      -4.669684306,      -2.218521847,      -2.163255884,       0.765572181
          0,           0,         326,      -4.675135451,      -2.261418688,      -2.203878888,      0.7649990342
          0,           0,         327,      -4.680746025,      -2.286071448,      -2.232798922,       0.762598185
          0,           0,         328,       -4.68509054,      -2.279563181,      -2.237433874,      0.7591375204
          0,           0,         329,      -4.686813183,      -2.244318983,      -2.214607487,      0.7555853682
          0,           0,         330,      -4.685031186,      -2.195228202,      -2.173854029,      0.7529365265
          0,           0,         331,      -4.679667328,      -2.146004408,      -2.128190509,      0.7519787628
          0,           0,         332,      -4.671521789,      -2.104123597,      -2.086627474,      0.7530692304
          0,           0,         333,       -4.66203143,      -2.072672585,      -2.053713371,      0.7560272647
          0,           0,         334,      -4.652860283,      -2.052700016,      -2.031402799,        0.76020626
          0,           0,         335,      -4.645526487,      -2.044521273,      -2.020497522,      0.7647057586
          0,           0,         336,      -4.641176745,      -2.048290599,      -2.021391898,      0.7686170001
          0,           0,         337,      -4.640503889,       -2.06419775,      -2.034387463,      0.7712056896
          0,           0,         338,      -4.643745831,      -2.092434014,      -2.059747089,       0.771999906
          0,           0,         339,      -4.650707737,      -2.132876453,      -2.097482609,      0.7708023556
          0,           0,         340,      -4.660779442,      -2.184186833,      -2.146638817,      0.7676597456
          0,           0,         341,      -4.672950991,      -2.241674078,      -2.203491502,      0.7628154032
          0,           0,         342,      -4.685857277,      -2.293639118,      -2.258106946,      0.7566591683
          0,           0,         343,      -4.697903024,      -2.320657098,      -2.292132949,      0.7496787401
          0,           0,         344,      -4.707512715,      -2.308976295,      -2.288737852,      0.7424103595
          0,           0,         345,      -4.713067883,      -2.265915249,      -2.250499869,       0.735901256
          0,           0,         346,      -4.714207347,       -2.21131966,      -2.196602945,      0.7304132489
          0,           0,         347,      -4.711797739,      -2.161658194,      -2.145494255,      0.7256154577
          0,           0,         348,      -4.707114743,      -2.123386259,      -2.105132148,      0.7216286868
          0,           0,         349,      -4.701828308,      -2.098438056,      -2.078104854,      0.7184104835
          0,           0,         350,      -4.697151015,      -2.086836619,       -2.06463932,      0.7162503778
          0,           0,         351,      -4.695304616,      -2.089074956,      -2.065384151,      0.7139189104
          0,           0,         352,      -4.697455334,      -2.105603682,      -2.080717897,      0.7108739667
          0,           0,         353,      -4.704162538,      -2.136328668,      -2.110539048,      0.7067142353
          0,           0,         354,      -4.715447357,      -2.180819511,      -2.154427325,      0.7011450893
          0,           0,         355,      -4.730543372,      -2.237697271,      -2.211032223,      0.6944129312
          0,           0,         356,       -4.74896632,       -2.30198381,      -2.275437192,      0.6860402643
          0,           0,         357,      -4.769007971,      -2.359069561,      -2.332586557,      0.6757924342
          0,           0,         358,      -4.788605472,      -2.387545151,      -2.360555309,      0.6637749734
          0,           0,         359,      -4.805695667,      -2.376106044,      -2.348100024,      0.6502311671
          0,           0,         360,      -4.818368622,      -2.336987791,      -2.308085189,      0.6360737608
          0,           0,         361,      -4.826598033,      -2.291451474,      -2.261920889,        0.62130781
          0,           0,         362,      -4.831759557,      -2.254494476,      -2.224580928,      0.6057594337
          0,           0,         363,       -4.83566174,      -2.231327197,      -2.201181529,      0.5900000558
          0,           0,         364,      -4.840211217,      -2.223244232,       -2.19295396,      0.5747177602
          0,           0,         365,      -4.846548975,      -2.230133296,      -2.199717707,      0.5610266593
          0,           0,         366,      -4.856696679,      -2.252328946,      -2.221855117,       0.548296188
          0,           0,         367,      -4.871121036,      -2.289419186,      -2.258657744,      0.5365196089
          0,           0,         368,      -4.889729552,      -2.339921501,      -2.308380525,      0.5252209164
          0,           0,         369,      -4.911927427,      -2.400084507,      -2.366883887,      0.5135486603
          0,           0,         370,      -4.936488709,      -2.461555751,      -2.425397698,      0.5009008573
          0,           0,         371,       -4.96246311,      -2.508770996,      -2.468377928,      0.4859904543
          0,           0,         372,      -4.988520983,       -2.52609926,      -2.481530231,      0.4672928843
          0,           0,         373,      -5.013337745,      -2.514513652,      -2.467591186,      0.4443414857
          0,           0,         374,      -5.035909597,      -2.489578477,      -2.442134128,      0.4174409705
          0,           0,         375,      -5.055043116,      -2.465491059,      -2.418442172,       0.388546442
          0,           0,         376,      -5.071573371,      -2.450768561,      -2.404094072,      0.3589642326
          0,           0,         377,      -5.086446174,      -2.449562367,      -2.402782119,      0.3310868654
          0,           0,         378,       -5.10038516,      -2.462262603,      -2.414818783,      0.3078272392
          0,           0,         379,      -5.114080464,      -2.487795076,      -2.439145902,      0.2908967417
          0,           0,         380,      -5.127837685,      -2.523959299,      -2.473604886,      0.2803152299
          0,           0,         381,      -5.143024357,      -2.567129891,      -2.514758579,      0.2729492402
          0,           0,         382,      -5.160695181,      -2.610782367,      -2.556188643,       0.264548476
          0,           0,         383,      -5.181263498,       -2.64678568,      -2.590269753,      0.2521091372
          0,           0,         384,      -5.204649363,      -2.668563864,      -2.610774288,      0.2339748978
          0,           0,         385,      -5.229347645,      -2.675059011,      -2.616346938,      0.2109469092
          0,           0,         386,      -5.253653234,       -2.67172037,      -2.611394776,      0.1847874328
          0,           0,         387,      -5.275196811,       -2.66748455,      -2.604013538,      0.1586814728
          0,           0,         388,      -5.291058248,      -2.668478995,       -2.60037926,      0.1378077936
          0,           0,         389,      -5.299482075,      -2.677617937,       -2.60384243,      0.1263832623
          0,           0,         390,      -5.300022983,      -2.694781543,      -2.615003459,      0.1261017109
          0,           0,         391,      -5.295519421,      -2.717467291,      -2.632677709,      0.1332504662
          0,           0,         392,       -5.28996341,      -2.740007223,      -2.653518326,       0.141572129
          0,           0,         393,      -5.285188891,      -2.753962472,      -2.671746742,      0.1476038898
          0,           0,         394,      -5.281736588,      -2.752536985,      -2.681007659,      0.1500116067
          0,           0,         395,      -5.278340751,      -2.735455091,       -2.67749233,      0.1502642704
          0,           0,         396,       -5.27440747,      -2.710105011,      -2.663627026,      0.1499306849
          0,           0,         397,      -5.270348961,      -2.687742847,      -2.647589431,       0.149985957
          0,           0,         398,      -5.266618014,      -2.675761543,      -2.636978543,      0.1517251076
          0,           0,         399,      -5.264163639,       -2.67837106,      -2.636934485,      0.1553422025
          0,           0,         400,      -5.263141762,      -2.697291805,      -2.649760612,      0.1609758086
          0,           0,         401,      -5.265718023,        -2.7318715,      -2.675169617,      0.1652044991
          0,           0,         402,      -5.269908536,       -2.77603339,      -2.708272901,      0.1685525519
          0,           0,         403,      -5.276120803,      -2.815909315,      -2.739332309,      0.1675649246
          0,           0,         404,      -5.282088418,      -2.835743693,       -2.75825671,      0.1632020478
          0,           0,         405,      -5.286374539,      -2.828271893,      -2.759459521,      0.1565806892
          0,           0,         406,       -5.28838479,      -2.801143362,      -2.745433528,      0.1489250141
          0,           0,         407,      -5.288282095,      -2.767433378,      -2.723528336,      0.1413507117
          0,           0,         408,      -5.284911333,      -2.733201775,      -2.697964065,      0.1367564625
          0,           0,         409,      -5.279569235,      -2.704071929,      -2.674073651,      0.1351155046
          0,           0,         410,       -5.27376289,      -2.683448735,      -2.655894057,      0.1358856484
          0,           0,         411,      -5.268714163,      -2.673146524,      -2.646037025,      0.1384212607
          0,           0,         412,      -5.265373544,       -2.67418121,      -2.646136515,       0.141940157
          0,           0,         413,      -5.264460285,      -2.687227028,      -2.657234645,      0.1455460438
          0,           0,         414,      -5.266442635,      -2.712764967,      -2.679963309,      0.1483551201
          0,           0,         415,      -5.271480063,      -2.750900893,      -2.714431989,       0.149645082
          0,           0,         416,      -5.279357703,      -2.800617126,      -2.759621199,      0.1489587487
          0,           0,         417,      -5.289431863,      -2.857842619,      -2.811847268,      0.1461511871
          0,           0,         418,      -5.300614788,      -2.911807541,      -2.862011977,       0.141394319
          0,           0,         419,      -5.311447827,       -2.94313496,      -2.894125514,      0.1351494955
          0,           0,         420,      -5.320316689,      -2.935435197,      -2.893298611,      0.1281093467
          0,           0,         421,      -5.325819822,      -2.894353512,      -2.861051469,      0.1211018742
          0,           0,         422,       -5.32719566,      -2.840196649,      -2.813412101,      0.1149489201
          0,           0,         423,      -5.323724792,      -2.786510372,      -2.763342323,      0.1112688707
          0,           0,         424,      -5.316966864,      -2.742722516,      -2.721056295,      0.1096869902
          0,           0,         425,      -5.309464692,      -2.712322363,      -2.690983739,      0.1091548149
          0,           0,         426,      -5.303064362,       -2.69570723,      -2.674121602,      0.1091766543
          0,           0,         427,      -5.299216545,      -2.692703297,      -2.670603583,      0.1092136904
          0,           0,         428,      -5.298913152,      -2.703278291,      -2.680597569,      0.1087933536
          0,           0,         429,      -5.302469568,      -2.727917738,      -2.704508512,      0.1077497062
          0,           0,         430,      -5.310725966,      -2.766791172,      -2.742460175,      0.1048387893
          0,           0,         431,      -5.323203028,      -2.819096865,      -2.793587553,     0.09996959417
          0,           0,         432,      -5.338885395,      -2.881353311,      -2.854409835,     0.09326057624
          0,           0,         433,      -5.356293386,      -2.943915416,      -2.915617224,     0.08525020712
          0,           0,         434,      -5.373222695,      -2.984361149,       -2.95562624,     0.07635930198
          0,           0,         435,      -5.388060337,      -2.982070536,      -2.954547756,     0.06622498038
          0,           0,         436,      -5.399075378,       -2.94326365,      -2.917859887,     0.05525055492
          0,           0,         437,      -5.405353381,      -2.892055755,      -2.868557125,      0.0440258055
          0,           0,         438,      -5.406837302,      -2.844923112,      -2.822875083,     0.03359199741
          0,           0,         439,      -5.404842844,      -2.810394773,       -2.78941324,     0.02453348351
          0,           0,         440,      -5.402594559,      -2.791679183,      -2.771512119,     0.01604192539
          0,           0,         441,      -5.402388267,      -2.788956803,      -2.769513362,    0.008025034456
          0,           0,         442,      -5.405920511,      -2.801850711,      -2.783088334,     0.00027152391
          0,           0,         443,      -5.414343244,       -2.83026355,      -2.812178318,   -0.007593453465
          0,           0,         444,      -5.427860933,      -2.873719571,      -2.855803999,    -0.01579694938
          0,           0,         445,      -5.446912152,      -2.929970713,      -2.911044578,    -0.02583364588
          0,           0,         446,      -5.470371421,      -2.993080178,      -2.970924408,    -0.03810866235
          0,           0,         447,      -5.496317821,      -3.050167789,       -3.02184811,    -0.05278598287
          0,           0,         448,      -5.522177533,      -3.082176828,      -3.046412662,    -0.06938689273
          0,           0,         449,      -5.544974405,       -3.07793288,      -3.037656899,    -0.08764759068
          0,           0,         450,      -5.563477496,      -3.049948792,      -3.009319581,     -0.1080204338
          0,           0,         451,      -5.577434587,      -3.017682853,       -2.97900491,      -0.129918224
          0,           0,         452,      -5.587965564,       -2.99325866,      -2.957049451,     -0.1523586768
          0,           0,         453,      -5.596822368,       -2.98115354,      -2.947175275,     -0.1739647112
          0,           0,         454,      -5.605973291,      -2.983417861,      -2.950894528,     -0.1935168407
          0,           0,         455,      -5.618321256,      -3.000293232,      -2.968174781,     -0.2117238817
          0,           0,         456,      -5.634733555,      -3.030475906,      -2.997605671,     -0.2284822431
          0,           0,         457,       -5.65520831,      -3.071522877,      -3.036566076,     -0.2441291661
          0,           0,         458,       -5.67918147,      -3.119559259,      -3.081037402,     -0.2591743306
          0,           0,         459,      -5.705477047,      -3.167321748,      -3.123602678,     -0.2747419251
          0,           0,         460,      -5.733291497,       -3.20555628,      -3.155836957,     -0.2927554393
          0,           0,         461,      -5.761059448,      -3.227488368,      -3.172564347,     -0.3137974798
          0,           0,         462,      -5.787170043,      -3.233538738,      -3.175168966,       -0.33761901
          0,           0,         463,      -5.809719541,      -3.229785125,      -3.169370515,     -0.3623924413
          0,           0,         464,      -5.827424362,      -3.224527471,       -3.16235662,     -0.3860596748
          0,           0,         465,      -5.841477731,      -3.224037066,      -3.159511135,     -0.4078176017
          0,           0,         466,      -5.852290814,      -3.230403903,      -3.163111735,      -0.425716434
          0,           0,         467,      -5.860421856,      -3.242999908,      -3.173170443,     -0.4386598125
          0,           0,         468,      -5.866004364,      -3.259079599,      -3.187936058,     -0.4461815233
          0,           0,         469,      -5.870112475,      -3.275171573,      -3.204704878,     -0.4501834317
          0,           0,         470,      -5.874449131,      -3.288065187,      -3.220648807,     -0.4537134881
          0,           0,         471,       -5.87937241,      -3.295902769,      -3.233313006,     -0.4579122159
          0,           0,         472,      -5.884936607,      -3.299467663,      -3.241694656,     -0.4629749728
          0,           0,         473,      -5.890437018,      -3.301287113,      -3.246356217,     -0.4675206974
          0,           0,         474,      -5.895592969,      -3.305788959,      -3.249916185,     -0.4707809857
          0,           0,         475,      -5.901666976,      -3.316737016,      -3.255694976,     -0.4737199864
          0,           0,         476,      -5.908373472,      -3.335479517,      -3.265687734,      -0.476059601
          0,           0,         477,      -5.914790988,      -3.360350405,      -3.279756346,      -0.477562029
          0,           0,         478,      -5.918777477,      -3.385365368,      -3.294860827,     -0.4771090701
          0,           0,         479,      -5.918753779,      -3.400144229,       -3.30550576,     -0.4748730281
          0,           0,         480,      -5.915533566,      -3.396993708,      -3.307489759,     -0.4730609097
          0,           0,         481,       -5.90830537,      -3.375900084,       -3.29913069,     -0.4705387253
          0,           0,         482,      -5.898630297,      -3.346388516,      -3.284028781,     -0.4675447694
          0,           0,         483,      -5.889186355,      -3.319880061,      -3.268902046,      -0.464823914
          0,           0,         484,       -5.88277907,       -3.30441141,      -3.260265313,     -0.4633203127
          0,           0,         485,      -5.884044521,      -3.305263861,      -3.263291731,     -0.4670157053
          0,           0,         486,      -5.891446092,      -3.321291729,      -3.277885348,     -0.4738528509
          0,           0,         487,      -5.902923952,      -3.350344185,      -3.302518429,     -0.4820423762
          0,           0,         488,      -5.916723684,      -3.389642399,      -3.334866261,     -0.4907370524
          0,           0,         489,      -5.931360559,       -3.43544663,      -3.371870663,      -0.499662095
          0,           0,         490,      -5.945042351,      -3.482490176,      -3.409639119,     -0.5079047193
          0,           0,         491,      -5.956057666,      -3.521779354,      -3.442052855,     -0.5145146522
          0,           0,         492,      -5.963679505,      -3.540681889,      -3.460721058,     -0.5198345411
          0,           0,         493,       -5.96762113,      -3.531349275,      -3.459506131,     -0.5242505642
          0,           0,         494,      -5.967944665,      -3.498659441,      -3.439448276,     -0.5279176639
          0,           0,         495,      -5.965056575,      -3.455493876,      -3.408092846,     -0.5307379486
          0,           0,         496,      -5.959760639,      -3.413059012,      -3.374187302,     -0.5325511685
          0,           0,         497,      -5.953192647,      -3.377719068,      -3.344124738,     -0.5333149575
          0,           0,         498,      -5.946631639,      -3.352330535,      -3.321599353,     -0.5331795297
          0,           0,         499,      -5.941293011,      -3.337981888,      -3.308494944,     -0.5324741497
          0,           0,         500,      -5.938178287,      -3.335046428,      -3.305724597,     -0.5316444332
          0,           0,         501,      -5.937999021,      -3.343683964,      -3.313751278,     -0.5311761296
          0,           0,         502,      -5.941156075,       -3.36401802,      -3.332838496,     -0.5315298358
          0,           0,         503,      -5.947739221,      -3.396084235,      -3.363074382,     -0.5330904616
          0,           0,         504,      -5.957517956,      -3.439483767,      -3.404105529,       -0.53612513
          0,           0,         505,       -5.96961403,      -3.492697769,      -3.454586823,     -0.5402902511
          0,           0,         506,      -5.983534923,      -3.550725236,      -3.510103187,      -0.545881423
          0,           0,         507,      -5.997900883,      -3.599997539,      -3.558482268,     -0.5529496652
          0,           0,         508,      -6.011023205,       -3.62158279,      -3.582554598,     -0.5610703537
          0,           0,         509,      -6.021254144,      -3.605640853,      -3.571870682,     -0.5696855067
          0,           0,         510,      -6.027028358,      -3.562373483,      -3.533660625,     -0.5777055361
          0,           0,         511,      -6.028260821,      -3.510546931,      -3.485129293,     -0.5848899373
          0,           0,         512,      -6.026167104,       -3.46467202,      -3.441023422,     -0.5915423969
          0,           0,         513,      -6.022234903,      -3.430199556,      -3.407496948,     -0.5974500204
          0,           0,         514,      -6.018142695,      -3.408744964,       -3.38664029,      -0.602487425
          0,           0,         515,      -6.014956312,      -3.400299222,      -3.378697508,     -0.6061639616
          0,           0,         516,      -6.014668039,      -3.405325801,      -3.384405015,      -0.609494923
          0,           0,         517,      -6.018239006,       -3.42423005,      -3.404118505,     -0.6129510402
          0,           0,         518,      -6.026089365,      -3.456818733,      -3.437688161,      -0.617004048
          0,           0,         519,      -6.038214072,      -3.502385145,      -3.484404702,     -0.6221727052
          0,           0,         520,      -6.053912983,      -3.558918702,      -3.542137076,      -0.628497847
          0,           0,         521,      -6.072825966,      -3.620320183,      -3.604301565,     -0.6367593017
          0,           0,         522,      -6.093435449,      -3.671401692,      -3.654325622,     -0.6475058383
          0,           0,         523,      -6.113724336,      -3.693072774,      -3.672625426,     -0.6606743099
          0,           0,         524,      -6.131478718,      -3.678729416,      -3.654636034,     -0.6758169545
          0,           0,         525,      -6.144408932,      -3.641437724,      -3.615567989,     -0.6915486251
          0,           0,         526,      -6.152188717,      -3.599775909,      -3.574022713,     -0.7073214257
          0,           0,         527,       -6.15617075,      -3.566682809,      -3.542214196,     -0.7228490412
          0,           0,         528,      -6.158347299,      -3.546648113,      -3.524100498,     -0.7373003182
          0,           0,         529,       -6.16098937,      -3.540775865,       -3.52052373,      -0.750147978
          0,           0,         530,      -6.165626424,      -3.548813458,       -3.53110046,     -0.7608420874
          0,           0,         531,      -6.174596692,      -3.570770862,      -3.555873532,     -0.7708074598
          0,           0,         532,      -6.188740086,      -3.605838952,      -3.593531827,     -0.7810854246
          0,           0,         533,       -6.20808056,      -3.651921794,      -3.641392735,     -0.7926510611
          0,           0,         534,      -6.231988135,      -3.704746187,      -3.694104965,     -0.8063525883
          0,           0,         535,      -6.258936447,      -3.756463506,      -3.742354569,     -0.8222493971
          0,           0,         536,      -6.287445431,      -3.795146446,      -3.773473481,     -0.8407685258
          0,           0,         537,      -6.315251654,      -3.810957569,       -3.77995481,      -0.862202492
          0,           0,         538,      -6.339915408,      -3.805313499,      -3.767330949,     -0.8856791742
          0,           0,         539,      -6.359490294,      -3.788653254,      -3.747727718,       -0.90964695
          0,           0,         540,       -6.37240957,      -3.770911168,      -3.730320703,     -0.9312934913
          0,           0,         541,      -6.380025838,      -3.758774994,      -3.720403578,     -0.9494893019
          0,           0,         542,      -6.385040141,      -3.755977274,       -3.72067262,     -0.9641992031
          0,           0,         543,      -6.389674708,      -3.762724074,      -3.730799189,     -0.9755567251
          0,           0,         544,      -6.395790105,      -3.777643032,      -3.748957048,     -0.9846608877
          0,           0,         545,      -6.404143148,      -3.798227377,      -3.772062879,     -0.9924898404
          0,           0,         546,      -6.415876484,      -3.821580874,      -3.796495984,      -1.001061048
          0,           0,         547,      -6.431110372,      -3.844842521,      -3.818302189,      -1.011845874
          0,           0,         548,      -6.448865348,      -3.865774255,      -3.835019296,      -1.024738898
          0,           0,         549,      -6.467546789,      -3.883645826,      -3.846539903,      -1.038706641
          0,           0,         550,      -6.484446097,      -3.898938778,      -3.854480448,       -1.05117193
          0,           0,         551,      -6.498126823,      -3.913082593,      -3.861187635,      -1.060829583
          0,           0,         552,      -6.508260549,      -3.927515983,      -3.868887998,      -1.068000008
          0,           0,         553,      -6.514666934,      -3.941553393,      -3.877795147,      -1.072821299
          0,           0,         554,      -6.517805098,      -3.952479999,        -3.8861859,       -1.07610233
          0,           0,         555,      -6.517655652,      -3.956123777,      -3.890719627,      -1.077966538
          0,           0,         556,       -6.51535341,      -3.950091762,      -3.888829955,      -1.079583085
          0,           0,         557,      -6.512440085,      -3.936925881,      -3.881474908,      -1.082284372
          0,           0,         558,      -6.509472926,      -3.921524775,      -3.871842124,      -1.085534233
          0,           0,         559,      -6.507106815,      -3.909444742,      -3.864209294,      -1.088464866
          0,           0,         560,      -6.505305215,      -3.904943916,      -3.862140651,      -1.089387443
          0,           0,         561,      -6.505834882,      -3.911540419,       -3.86875041,      -1.088961583
          0,           0,         562,      -6.510174571,      -3.931493422,      -3.885547061,      -1.088699688
          0,           0,         563,      -6.518392099,      -3.964028578,       -3.91126752,      -1.089371747
          0,           0,         564,      -6.529368149,      -4.004545567,      -3.941264525,      -1.091400851
          0,           0,         565,      -6.540127149,      -4.041964287,      -3.966588075,      -1.093861943
          0,           0,         566,      -6.548339055,      -4.060153612,      -3.976832835,      -1.097242705
          0,           0,         567,       -6.55062041,      -4.048327363,      -3.966855111,      -1.099870829
          0,           0,         568,       -6.54693616,      -4.015857745,      -3.943797042,      -1.102168009
          0,           0,         569,      -6.539451682,      -3.980606046,      -3.919578793,      -1.104138206
          0,           0,         570,      -6.530933319,      -3.954848792,      -3.903075794,      -1.105196953
          0,           0,         571,      -6.526832312,       -3.94590552,      -3.900460569,      -1.107961891
          0,           0,         572,      -6.529323112,      -3.956341032,      -3.914144751,      -1.112475158
          0,           0,         573,      -6.539645178,      -3.986978154,      -3.943927083,      -1.119279806
          0,           0,         574,      -6.556467956,      -4.034853906,      -3.985510788,      -1.127577555
          0,           0,         575,      -6.575776422,      -4.090355687,      -4.028369466,      -1.135332949
          0,           0,         576,      -6.593165911,      -4.132282488,      -4.055031865,      -1.142392245
          0,           0,         577,      -6.603908242,      -4.137884428,      -4.053384376,      -1.148369805
          0,           0,         578,      -6.606773389,      -4.109888405,      -4.030434334,      -1.154271503
          0,           0,         579,      -6.604726414,      -4.072816934,      -4.004010905,       -1.16152829
          0,           0,         580,      -6.601825205,      -4.045666459,      -3.987210124,       -1.17025267
          0,           0,         581,      -6.604548288,      -4.038273634,      -3.987655463,      -1.182884483
          0,           0,         582,      -6.615478174,      -4.053384465,       -4.00749122,      -1.198795039
          0,           0,         583,      -6.634525959,      -4.090668981,      -4.045511967,      -1.215984342
          0,           0,         584,      -6.659348282,      -4.146400628,       -4.09615306,      -1.232161835
          0,           0,         585,       -6.68524219,      -4.209493108,      -4.146587751,      -1.245118768
          0,           0,         586,      -6.707716525,      -4.256349789,      -4.176631067,      -1.255920292
          0,           0,         587,      -6.723125834,      -4.264611977,       -4.17563552,       -1.26622733
          0,           0,         588,      -6.731605233,       -4.24069629,      -4.154936153,      -1.278242777
          0,           0,         589,      -6.736842073,      -4.210501934,      -4.133953459,      -1.293661251
          0,           0,         590,      -6.742456502,      -4.191927691,        -4.1248211,      -1.311764729
          0,           0,         591,      -6.754019159,      -4.193361738,      -4.133683337,       -1.33368981
          0,           0,         592,        -6.7730107,      -4.216476451,      -4.161454844,      -1.357329738
          0,           0,         593,      -6.798464153,      -4.259706208,      -4.205531628,      -1.379807288
          0,           0,         594,      -6.827628168,      -4.317596436,      -4.258534723,      -1.399151518
          0,           0,         595,      -6.856037899,      -4.377489294,      -4.306402016,      -1.414434744
          0,           0,         596,      -6.880381785,      -4.418691009,      -4.331942943,      -1.428305881
          0,           0,         597,      -6.898578614,      -4.427514799,      -4.331043798,      -1.443129967
          0,           0,         598,      -6.911479253,      -4.412951535,      -4.316665727,      -1.460653066
          0,           0,         599,      -6.922142201,       -4.39484501,      -4.304640506,      -1.481413682
          0,           0,         600,      -6.932789727,      -4.386182881,      -4.303761434,      -1.503384447
          0,           0,         601,      -6.947931934,      -4.393147886,      -4.318173446,      -1.527124243
          0,           0,         602,      -6.968394857,      -4.416394727,      -4.347535523,      -1.550689229
          0,           0,         603,      -6.993236395,      -4.453493207,      -4.388115043,       -1.57227076
          0,           0,         604,      -7.020334304,      -4.499119692,      -4.432382204,       -1.59113734
          0,           0,         605,      -7.046018762,      -4.544443343,      -4.469496457,      -1.606575089
          0,           0,         606,      -7.068281725,      -4.578891901,      -4.489929767,      -1.620803647
          0,           0,         607,      -7.085390988,      -4.595802502,        -4.4935037,       -1.63489842
          0,           0,         608,      -7.097379954,      -4.597031299,      -4.488421901,      -1.649433526
          0,           0,         609,      -7.106041374,      -4.590501856,      -4.483872955,      -1.664641591
          0,           0,         610,      -7.112646229,      -4.583461621,      -4.484890097,      -1.679104782
          0,           0,         611,      -7.121568403,      -4.582090064,      -4.494467926,      -1.694861015
          0,           0,         612,      -7.134387322,      -4.589543945,      -4.512803564,      -1.711661758
          0,           0,         613,      -7.151335989,      -4.607248223,      -4.538416897,      -1.728667564
          0,           0,         614,      -7.171379939,      -4.635304647,      -4.568516772,       -1.74466346
          0,           0,         615,      -7.191294149,      -4.671638357,      -4.598844984,      -1.757141363
          0,           0,         616,       -7.20933179,      -4.710456821,      -4.623638958,       -1.76698512
          0,           0,         617,      -7.222454096,       -4.74109702,       -4.63773644,      -1.774286552
          0,           0,         618,      -7.229382395,      -4.752396363,      -4.639510341,      -1.780178033
          0,           0,         619,      -7.231795141,      -4.743101083,      -4.632777944,      -1.786683976
          0,           0,         620,      -7.231847742,      -4.723360549,      -4.624093887,      -1.794137775
          0,           0,         621,      -7.235818209,      -4.708391788,      -4.622008493,      -1.806181061
          0,           0,         622,      -7.246689913,      -4.707941529,      -4.632124337,       -1.82286672
          0,           0,         623,      -7.264741967,      -4.726458684,      -4.656669811,      -1.841943719
          0,           0,         624,      -7.287567638,      -4.764039604,      -4.693781487,      -1.859703596
          0,           0,         625,      -7.309661197,      -4.814872016,      -4.735647433,      -1.871658548
          0,           0,         626,      -7.326564663,      -4.862761831,      -4.766989454,      -1.878248137
          0,           0,         627,      -7.335024962,      -4.884727552,       -4.77471077,      -1.881686064
          0,           0,         628,      -7.337033686,      -4.873304611,       -4.76175718,      -1.886254617
          0,           0,         629,      -7.338367633,      -4.847255343,      -4.744244065,      -1.895910196
          0,           0,         630,      -7.343137767,      -4.828205087,      -4.736240361,      -1.910795416
          0,           0,         631,      -7.357457387,      -4.829273924,      -4.746663864,       -1.93301084
          0,           0,         632,      -7.381188584,      -4.854339261,      -4.777600235,      -1.958804219
          0,           0,         633,      -7.410190064,      -4.901422387,      -4.825157723,      -1.982057088
          0,           0,         634,      -7.437712069,      -4.960778894,       -4.87695638,      -1.998025063
          0,           0,         635,      -7.456256226,      -5.010046373,      -4.911504305,      -2.005287647
          0,           0,         636,      -7.465051854,      -5.025032905,       -4.91448431,      -2.009999568
          0,           0,         637,      -7.468998666,      -5.009128979,      -4.897565022,      -2.018465724
          0,           0,         638,      -7.475379394,      -4.987987318,      -4.882728139,      -2.034742802
          0,           0,         639,      -7.489520177,      -4.981238405,      -4.883866289,        -2.0594406
          0,           0,         640,      -7.512027625,      -4.996701259,      -4.905786962,      -2.088476742
          0,           0,         641,      -7.543133719,      -5.035080121,      -4.947742719,      -2.118687874
          0,           0,         642,      -7.576907473,       -5.09043449,      -5.001893811,      -2.143606446
          0,           0,         643,      -7.605705923,      -5.147571261,      -5.051485647,      -2.160139077
          0,           0,         644,      -7.624777771,      -5.184057375,       -5.07713705,      -2.170989617
          0,           0,         645,      -7.634766603,       -5.18880971,      -5.075599027,       -2.18110497
          0,           0,         646,      -7.642715121,      -5.176770837,      -5.064226129,      -2.196475722
          0,           0,         647,      -7.655232145,      -5.168998792,        -5.0608637,      -2.219414426
          0,           0,         648,      -7.676014737,      -5.177199314,      -5.074268195,      -2.248984597
          0,           0,         649,      -7.705223533,       -5.20453415,      -5.105995509,      -2.281548286
          0,           0,         650,      -7.739861259,      -5.248473908,      -5.152258193,      -2.312198355
          0,           0,         651,      -7.774396544,      -5.300860164,      -5.203421373,      -2.336988682
          0,           0,         652,      -7.802649073,       -5.34744688,      -5.244636199,      -2.355045266
          0,           0,         653,      -7.821324186,      -5.373744594,      -5.264216576,       -2.36885277
          0,           0,         654,      -7.832437718,       -5.37778955,      -5.264912621,      -2.382478889
          0,           0,         655,      -7.841738946,      -5.371760528,      -5.260368034,       -2.39948901
          0,           0,         656,      -7.855021077,      -5.369576068,      -5.262905695,      -2.421764699
          0,           0,         657,      -7.875691627,      -5.379489781,      -5.278830541,      -2.449100019
          0,           0,         658,      -7.903965979,       -5.40436147,      -5.309356251,      -2.479077545
          0,           0,         659,      -7.936932162,      -5.442927453,      -5.351345771,      -2.507708021
          0,           0,         660,       -7.96903737,      -5.489437119,      -5.396776036,      -2.531001676
          0,           0,         661,      -7.994088211,       -5.53262683,      -5.433417094,      -2.547217466
          0,           0,         662,       -8.00897937,      -5.558864343,      -5.451358394,      -2.558083723
          0,           0,         663,      -8.016116168,        -5.5628991,      -5.452075689,      -2.567707389
          0,           0,         664,      -8.021617694,      -5.553798887,      -5.446919493,      -2.580311031
          0,           0,         665,      -8.031493046,      -5.546016896,      -5.447503314,      -2.598523497
          0,           0,         666,      -8.049227463,      -5.550059055,      -5.460697445,      -2.622596424
          0,           0,         667,       -8.07498097,        -5.5708338,      -5.488583185,      -2.650082921
          0,           0,         668,      -8.105570116,      -5.608382543,      -5.528641593,      -2.676427793
          0,           0,         669,      -8.134958824,      -5.656892074,      -5.572724653,      -2.696887606
          0,           0,         670,      -8.156616245,      -5.702272829,       -5.60738505,      -2.709527721
          0,           0,         671,      -8.167813571,      -5.725890699,      -5.621547154,      -2.716791323
          0,           0,         672,      -8.171984426,      -5.721811976,      -5.617666612,      -2.723845588
          0,           0,         673,      -8.176115085,      -5.704732284,      -5.609347331,      -2.735558034
          0,           0,         674,      -8.186416394,      -5.693596588,      -5.609527869,      -2.754501486
          0,           0,         675,      -8.205915313,      -5.699717082,      -5.625241216,      -2.780149327
          0,           0,         676,      -8.233773876,      -5.727032439,       -5.65790065,      -2.808704914
          0,           0,         677,      -8.265402457,      -5.773517681,      -5.703133254,      -2.834306551
          0,           0,         678,      -8.293555391,      -5.829026696,      -5.749107876,      -2.852125132
          0,           0,         679,      -8.312030023,      -5.872626338,      -5.778717708,      -2.861958104
          0,           0,         680,      -8.320403812,      -5.884253547,      -5.783200001,      -2.868458677
          0,           0,         681,      -8.324482324,      -5.868893793,       -5.77258208,      -2.877760527
          0,           0,         682,      -8.331804972,      -5.849953003,      -5.764316073,      -2.894165096
          0,           0,         683,      -8.347554204,      -5.845382992,      -5.770252018,      -2.918741832
          0,           0,         684,      -8.372962327,      -5.862722257,      -5.794959533,      -2.948914918
          0,           0,         685,      -8.405202985,      -5.902484583,      -5.837018616,      -2.979036357
          0,           0,         686,      -8.437972237,      -5.958422094,      -5.888051354,      -3.002892386
          0,           0,         687,      -8.463848106,      -6.013984109,      -5.931478835,       -3.01779444
          0,           0,         688,      -8.479057874,      -6.044839795,      -5.950592518,      -3.026718067
          0,           0,         689,      -8.486569588,      -6.041801847,      -5.946041572,      -3.035831138
          0,           0,         690,      -8.493553427,      -6.023245149,      -5.934997633,      -3.050517877
          0,           0,         691,      -8.506527758,      -6.011770402,      -5.933599639,      -3.073207494
          0,           0,         692,      -8.528714709,      -6.019211968,        -5.9497955,      -3.102904886
          0,           0,         693,      -8.559387282,        -6.0486848,      -5.984832073,      -3.135314532
          0,           0,         694,      -8.594214942,      -6.097190423,      -6.033885366,      -3.164424443
          0,           0,         695,      -8.626363736,      -6.154174644,      -6.084454755,      -3.185748713
          0,           0,         696,       -8.64971755,      -6.199892505,      -6.118364947,      -3.199456725
          0,           0,         697,      -8.663142128,      -6.216346788,      -6.125914685,      -3.210037971
          0,           0,         698,      -8.671323191,      -6.207615176,      -6.117132312,      -3.222985721
          0,           0,         699,      -8.681084081,      -6.194123833,       -6.10980078,      -3.241961986
          0,           0,         700,      -8.697564595,      -6.192102538,      -6.115767038,       -3.26780243
          0,           0,         701,      -8.722583182,      -6.208482517,       -6.13945288,       -3.29842557
          0,           0,         702,      -8.754476152,      -6.243674474,      -6.179688785,      -3.329399583
          0,           0,         703,      -8.788522122,      -6.292584571,      -6.229499193,      -3.355781139
          0,           0,         704,      -8.818274059,      -6.343209166,      -6.275112592,      -3.374827374
          0,           0,         705,      -8.838857144,      -6.378203826,      -6.300996128,      -3.387778137
          0,           0,         706,      -8.850428163,      -6.387347241,      -6.303670883,      -3.398805545
          0,           0,         707,      -8.858063297,      -6.378774546,      -6.295510247,        -3.4124181
          0,           0,         708,       -8.86815311,      -6.369241965,      -6.291705555,      -3.431513119
          0,           0,         709,      -8.885248553,       -6.37077542,      -6.301351445,      -3.456683105
          0,           0,         710,      -8.910705487,      -6.388437487,      -6.327431823,      -3.485980574
          0,           0,         711,      -8.942524717,      -6.422105199,        -6.3680126,      -3.515342923
          0,           0,         712,      -8.975599469,      -6.466804953,      -6.415601917,      -3.540106482
          0,           0,         713,      -9.003148733,      -6.511620213,      -6.456629658,      -3.557501216
          0,           0,         714,      -9.020448131,      -6.541774156,      -6.477432591,      -3.568574726
          0,           0,         715,      -9.028457192,      -6.549219598,      -6.476903953,       -3.57746927
          0,           0,         716,      -9.033163262,      -6.541242272,      -6.467740396,      -3.588938804
          0,           0,         717,      -9.041411292,      -6.532596709,       -6.46410868,       -3.60622098
          0,           0,         718,      -9.057681671,      -6.534488923,      -6.474376535,      -3.630074853
          0,           0,         719,      -9.082910911,      -6.552011384,      -6.501241375,      -3.658377009
          0,           0,         720,      -9.114413501,      -6.585112136,      -6.542461867,       -3.68656253
          0,           0,         721,      -9.146224459,      -6.628402479,      -6.589762023,      -3.709419971
          0,           0,         722,      -9.171120837,      -6.669982077,      -6.628387509,      -3.724221102
          0,           0,         723,      -9.185106373,      -6.694705253,      -6.644756586,      -3.732837369
          0,           0,         724,      -9.190719987,      -6.696546916,       -6.64019232,      -3.740393624
          0,           0,         725,      -9.195014556,      -6.685492144,      -6.629564146,      -3.752093806
          0,           0,         726,       -9.20479508,      -6.676940624,      -6.627291233,      -3.770936738
          0,           0,         727,      -9.223762262,      -6.681257475,      -6.641101507,       -3.79686234
          0,           0,         728,      -9.251679701,       -6.70236488,      -6.672792005,      -3.826499202
          0,           0,         729,       -9.28446969,      -6.738723865,      -6.718558046,      -3.854125573
          0,           0,         730,      -9.315011218,      -6.782743733,      -6.767261706,      -3.874421972
          0,           0,         731,      -9.336337864,      -6.820346106,      -6.801255289,      -3.886169636
          0,           0,         732,      -9.346632748,      -6.837571517,      -6.808951659,      -3.893231662
          0,           0,         733,      -9.350823709,      -6.833964258,      -6.798219543,      -3.901650839
          0,           0,         734,      -9.356614735,       -6.82302599,      -6.787028948,      -3.916193633
          0,           0,         735,      -9.369939178,      -6.818909325,      -6.788493382,      -3.938684064
          0,           0,         736,      -9.393011244,       -6.82927593,      -6.808093539,      -3.967560907
          0,           0,         737,      -9.424081566,      -6.855517894,      -6.845418746,      -3.998129174
          0,           0,         738,      -9.457772879,      -6.893497867,      -6.893982193,      -4.024314868
          0,           0,         739,      -9.486570816,      -6.933133796,      -6.939731295,      -4.042097205
          0,           0,         740,      -9.504971294,      -6.960726557,      -6.965548612,      -4.052514763
          0,           0,         741,      -9.513699537,       -6.96853898,      -6.966653814,      -4.060705896
          0,           0,         742,      -9.519094931,      -6.962555091,      -6.956264192,      -4.072355714
          0,           0,         743,      -9.528366409,      -6.955887374,      -6.951067146,      -4.090941446
          0,           0,         744,      -9.546096564,      -6.958595555,      -6.960883914,      -4.116876816
          0,           0,         745,      -9.573056526,      -6.974817129,      -6.988654589,      -4.147351138
          0,           0,         746,      -9.606274331,      -7.003402188,      -7.031659305,      -4.177125415
          0,           0,         747,      -9.639597484,       -7.03833545,      -7.080513211,      -4.200869247
          0,           0,         748,      -9.665962951,      -7.069561074,      -7.119148438,      -4.216536882
          0,           0,         749,      -9.681724197,      -7.087563441,      -7.134041378,      -4.226768237
          0,           0,         750,      -9.689566041,      -7.090815331,      -7.128349877,      -4.236827884
          0,           0,         751,       -9.69625344,      -7.086904478,      -7.117955049,      -4.251400471
          0,           0,         752,      -9.708132637,      -7.085570999,       -7.11669013,      -4.272745133
          0,           0,         753,      -9.728541372,      -7.093078159,      -7.131193834,      -4.300229221
          0,           0,         754,      -9.757121207,      -7.111096967,      -7.162277418,      -4.330343917
          0,           0,         755,        -9.7900929,       -7.13714278,       -7.20555729,      -4.357963109
          0,           0,         756,      -9.821047493,      -7.165224763,       -7.25067286,      -4.378775293
          0,           0,         757,      -9.843857253,      -7.187698072,      -7.283041946,      -4.392227426
          0,           0,         758,      -9.856688636,      -7.199493052,      -7.293909085,      -4.401720684
          0,           0,         759,      -9.863598258,      -7.201813727,      -7.289401935,      -4.412330051
          0,           0,         760,      -9.871325368,      -7.200812462,      -7.283682379,      -4.428021231
          0,           0,         761,      -9.885415013,      -7.202981143,      -7.287797595,      -4.450382293
          0,           0,         762,      -9.908258897,      -7.212105066,      -7.306652881,      -4.478222451
          0,           0,         763,      -9.938723195,      -7.228627188,      -7.339895255,      -4.507803216
          0,           0,         764,      -9.972289176,      -7.249930308,      -7.381868471,      -4.534078382
          0,           0,         765,      -10.00211569,      -7.271232477,      -7.421289753,      -4.553295296
          0,           0,         766,      -10.02237469,      -7.287501326,      -7.445073959,      -4.565496391
          0,           0,         767,      -10.03236284,      -7.296353471,      -7.448934087,      -4.574345204
          0,           0,         768,      -10.03722201,      -7.299505635,      -7.441791009,      -4.584768336
          0,           0,         769,      -10.04389946,      -7.301369536,      -7.436756998,      -4.600275771
          0,           0,         770,      -10.05752539,      -7.306180092,      -7.442720908,      -4.621985733
          0,           0,         771,      -10.07973481,      -7.316203986,      -7.463009367,      -4.648204153
          0,           0,         772,      -10.10871152,      -7.331213559,      -7.496080149,      -4.674968543
          0,           0,         773,      -10.13943452,      -7.348756961,      -7.535479068,      -4.697547732
          0,           0,         774,      -10.16547712,       -7.36515182,      -7.570085233,      -4.713325972
          0,           0,         775,       -10.1823605,      -7.377173555,      -7.589189318,      -4.723413738
          0,           0,         776,      -10.19101855,      -7.383920706,      -7.591560764,      -4.731988157
          0,           0,         777,      -10.19706573,      -7.387269165,      -7.586564975,      -4.743601859
          0,           0,         778,      -10.20684369,      -7.390499301,      -7.585564166,      -4.761131083
          0,           0,         779,      -10.22439111,      -7.396466394,      -7.595663845,      -4.784863132
          0,           0,         780,       -10.2502281,      -7.406413598,      -7.618814705,      -4.812254834
          0,           0,         781,      -10.28131762,      -7.419727265,      -7.652188706,      -4.838692423
          0,           0,         782,      -10.31162668,      -7.434289061,      -7.688015456,      -4.859512501
          0,           0,         783,       -10.3344719,      -7.447447054,      -7.715361365,      -4.872852979
          0,           0,         784,      -10.34682972,      -7.457319154,      -7.726614875,      -4.881019078
          0,           0,         785,      -10.35176299,      -7.463829056,      -7.724473908,      -4.888702285
          0,           0,         786,      -10.35599892,      -7.468563606,      -7.718992232,      -4.900212346
          0,           0,         787,      -10.36555306,       -7.47376561,      -7.719584772,      -4.917689377
          0,           0,         788,      -10.38332659,      -7.481116082,      -7.731118222,      -4.940507823
          0,           0,         789,      -10.40880525,      -7.491067187,      -7.753786421,      -4.965625839
          0,           0,         790,      -10.43816573,      -7.502771131,      -7.783573197,      -4.988644325
          0,           0,         791,      -10.46555378,      -7.514580182,      -7.812926865,      -5.006152384
          0,           0,         792,      -10.48558136,      -7.524832577,      -7.833578792,       -5.01777993
          0,           0,         793,      -10.49712703,      -7.532737356,      -7.842114577,      -5.026510116
          0,           0,         794,      -10.50398378,      -7.538716159,      -7.842650534,      -5.036501181
          0,           0,         795,      -10.51203012,      -7.544095195,      -7.843166102,      -5.050825569
          0,           0,         796,      -10.52579097,      -7.550316613,      -7.850044729,      -5.070390387
          0,           0,         797,      -10.54685914,      -7.558233402,      -7.865953901,      -5.093658579
          0,           0,         798,      -10.57360801,      -7.567828969,      -7.889597365,      -5.117238549
          0,           0,         799,      -10.60155598,      -7.578313975,       -7.91610201,      -5.137223551
          0,           0,         800,      -10.62500721,      -7.588514699,      -7.938412515,      -5.151465788
          0,           0,         801,      -10.64029055,      -7.597471775,      -7.951106655,      -5.160925701
          0,           0,         802,       -10.6482863,      -7.604922772,      -7.954093012,      -5.168925381
          0,           0,         803,      -10.65357014,      -7.611329722,      -7.952639091,      -5.178880028
          0,           0,         804,      -10.66140326,      -7.617593108,      -7.953107669,      -5.192932642
          0,           0,         805,      -10.67534821,      -7.624537397,      -7.959743416,      -5.211326922
          0,           0,         806,      -10.69553536,      -7.632546104,      -7.973657818,      -5.231906761
          0,           0,         807,      -10.71978911,      -7.641442692,      -7.993013601,      -5.251708575
          0,           0,         808,      -10.74381685,      -7.650632661,      -8.013679962,      -5.267898678
          0,           0,         809,      -10.76313319,      -7.659414324,      -8.031167016,      -5.279561404
          0,           0,         810,      -10.77581445,      -7.667330869,      -8.042536183,      -5.288184494
          0,           0,         811,      -10.78367559,      -7.674387905,      -8.048541441,      -5.296633417
          0,           0,         812,      -10.79071401,      -7.680976839,      -8.052668624,       -5.30729088
          0,           0,         813,      -10.80110756,      -7.687672526,      -8.058689161,      -5.321564349
          0,           0,         814,      -10.81683775,      -7.694909869,      -8.068898772,      -5.338841499
          0,           0,         815,      -10.83759904,      -7.702828569,      -8.083293476,      -5.357285619
          0,           0,         816,        -10.860736,      -7.711227522,      -8.099816254,      -5.374438999
          0,           0,         817,      -10.88206376,      -7.719698448,       -8.11518892,      -5.388239865
          0,           0,         818,      -10.89819851,      -7.727829563,      -8.126486373,      -5.398507099
          0,           0,         819,      -10.90818677,      -7.735388148,      -8.132972794,      -5.406675821
          0,           0,         820,      -10.91434308,      -7.742472693,       -8.13616457,      -5.414915211
          0,           0,         821,      -10.92029602,      -7.749350807,      -8.139138195,      -5.424990035
          0,           0,         822,      -10.92919796,      -7.756367134,      -8.144450207,      -5.437494985
          0,           0,         823,      -10.94235072,      -7.763776043,       -8.15342326,      -5.451744447
          0,           0,         824,      -10.95869848,      -7.771558969,      -8.165675653,      -5.465970575
          0,           0,         825,      -10.97624513,      -7.779557986,      -8.179506209,      -5.478758445
          0,           0,         826,      -10.99184911,      -7.787492788,      -8.192598226,      -5.488959693
          0,           0,         827,      -11.00414553,       -7.79513965,      -8.203342739,      -5.497353707
          0,           0,         828,      -11.01296815,      -7.802423536,      -8.211232392,      -5.505010985
          0,           0,         829,      -11.02055224,      -7.809433315,      -8.217494749,      -5.513597765
          0,           0,         830,      -11.02944098,      -7.816376004,      -8.223768629,       -5.52416199
          0,           0,         831,       -11.0413607,       -7.82346315,      -8.231500792,      -5.536712763
          0,           0,         832,      -11.05637118,      -7.830825444,      -8.241215939,      -5.550270811
          0,           0,         833,      -11.07346777,      -7.838435402,      -8.252294682,      -5.563700489
          0,           0,         834,      -11.08997399,      -7.846147511,      -8.263441469,       -5.57547935
          0,           0,         835,      -11.10349975,      -7.853812952,      -8.273258097,      -5.584908625
          0,           0,         836,       -11.1131618,       -7.86129725,      -8.280953822,      -5.592754442
          0,           0,         837,      -11.11969291,       -7.86856552,      -8.286836185,      -5.600021034
          0,           0,         838,      -11.12504126,      -7.875707985,      -8.292041069,      -5.607714347
          0,           0,         839,      -11.13143159,      -7.882858158,      -8.297790111,      -5.616533392
          0,           0,         840,      -11.14018968,      -7.890096255,       -8.30497019,      -5.626509799
          0,           0,         841,      -11.15117018,      -7.897479003,      -8.313770702,      -5.636828188
          0,           0,         842,      -11.16356617,      -7.904984619,      -8.323596705,      -5.646888737
          0,           0,         843,      -11.17589018,      -7.912485513,      -8.333476558,      -5.656038844
          0,           0,         844,      -11.18688152,      -7.919890834,      -8.342705778,      -5.664269231
          0,           0,         845,       -11.1960535,      -7.927155488,      -8.350840707,      -5.671924938
          0,           0,         846,      -11.20424446,      -7.934301449,      -8.358105323,      -5.679883269
          0,           0,         847,      -11.21267161,      -7.941413862,      -8.365088149,      -5.688603312
          0,           0,         848,      -11.22186413,      -7.948546391,      -8.372559034,      -5.698103942
          0,           0,         849,      -11.23281154,      -7.955783241,      -8.380704832,      -5.708343209
          0,           0,         850,      -11.24467564,      -7.963137312,      -8.389595951,      -5.718549463
          0,           0,         851,      -11.25655192,      -7.970545006,      -8.398620295,        -5.7281235
          0,           0,         852,      -11.26688011,      -7.977965618,      -8.407268133,      -5.736450114
          0,           0,         853,      -11.27570966,      -7.985341788,      -8.415076651,      -5.744127703
          0,           0,         854,      -11.28276542,      -7.992633408,      -8.421889377,      -5.751214309
          0,           0,         855,      -11.28899943,      -7.999863538,      -8.428199475,      -5.758353174
          0,           0,         856,      -11.29552065,      -8.007063709,      -8.434477632,      -5.766023065
          0,           0,         857,      -11.30279735,      -8.014254165,      -8.441316293,      -5.774022711
          0,           0,         858,      -11.31134776,      -8.021536535,      -8.448760037,      -5.782555062
          0,           0,         859,      -11.32086146,      -8.028836899,      -8.456837938,      -5.791143732
          0,           0,         860,      -11.33058637,      -8.036154796,      -8.465286194,      -5.799432408
          0,           0,         861,      -11.33986017,      -8.043470815,      -8.473530698,      -5.807211392
          0,           0,         862,      -11.34823418,      -8.050739421,      -8.481443699,      -5.814646399
