"Time_Iter","Outer_Iter","Inner_Iter",    "rms[Rho]"    ,    "rms[RhoU]"   ,    "rms[RhoV]"   ,    "rms[RhoE]"   ,    "RefForce"    ,       "CD"       ,       "CL"       ,       "CSF"      ,       "CMx"      ,       "CMy"      ,       "CMz"      ,       "CFx"      ,       "CFy"      ,       "CFz"      ,      "CEff"      
          0,           0,           0,     -0.4814595639,       2.346980287,       1.592365555,       5.253007815,            280000,     0.01738842052,     -0.1017264066,                 0,                 0,                 0,    -0.07348548447,     0.01738842052,     -0.1017264066,                 0,      -5.850238467
          0,           0,           1,     -0.7631276733,       2.061515006,       1.395397394,       4.969992762,            280000,     0.04246904332,     -0.2412903596,                 0,                 0,                 0,     -0.1793730486,     0.04246904332,     -0.2412903596,                 0,      -5.681558631
          0,           0,           2,       -1.03831341,       1.763008366,       1.518092718,       4.705191711,            280000,     0.04415892494,     -0.2496567495,                 0,                 0,                 0,      -0.183040067,     0.04415892494,     -0.2496567495,                 0,      -5.653596637
          0,           0,           3,      -1.239344521,       1.532967316,       1.404391161,       4.502774219,            280000,     0.04590715643,     -0.2599462491,                 0,                 0,                 0,     -0.1930083709,     0.04590715643,     -0.2599462491,                 0,      -5.662434124
          0,           0,           4,      -1.081805972,        1.71171039,       1.420197862,       4.637753009,            280000,     0.04498563862,     -0.2553293571,                 0,                 0,                 0,     -0.1920331866,     0.04498563862,     -0.2553293571,                 0,      -5.675797097
          0,           0,           5,      -1.262207338,       1.491355631,       1.230773973,       4.474922478,            280000,     0.04424104115,     -0.2514743401,                 0,                 0,                 0,     -0.1905011477,     0.04424104115,     -0.2514743401,                 0,      -5.684186753
          0,           0,           6,       -1.38753001,       1.314681957,       1.156489069,       4.364143685,            280000,     0.04444312667,     -0.2527478084,                 0,                 0,                 0,     -0.1931916866,     0.04444312667,     -0.2527478084,                 0,      -5.686994309
          0,           0,           7,      -1.420203634,       1.263616239,       1.101711511,       4.336332874,            280000,     0.04479377116,     -0.2544971295,                 0,                 0,                 0,     -0.1956107641,     0.04479377116,     -0.2544971295,                 0,      -5.681529438
          0,           0,           8,       -1.44462037,       1.229290052,       1.053057681,       4.321354115,            280000,     0.04494427627,     -0.2549852398,                 0,                 0,                 0,     -0.1961807599,     0.04494427627,     -0.2549852398,                 0,      -5.673364018
          0,           0,           9,      -1.479690097,       1.175981487,       1.020787497,       4.297561518,            280000,     0.04485195397,     -0.2540729644,                 0,                 0,                 0,     -0.1951664739,     0.04485195397,     -0.2540729644,                 0,      -5.664702247
          0,           0,          10,      -1.509292991,       1.139115652,      0.9883595588,        4.27598683,            280000,     0.04468725521,     -0.2529206002,                 0,                 0,                 0,     -0.1938559444,     0.04468725521,     -0.2529206002,                 0,      -5.659792687
          0,           0,          11,      -1.546080534,       1.098132914,      0.9503041355,       4.245121864,            280000,     0.04455013068,     -0.2522169865,                 0,                 0,                 0,     -0.1930484612,     0.04455013068,     -0.2522169865,                 0,      -5.661419677
          0,           0,          12,      -1.591935503,       1.050805111,      0.9027497402,       4.202668401,            280000,     0.04446610468,     -0.2520958193,                 0,                 0,                 0,     -0.1929368168,     0.04446610468,     -0.2520958193,                 0,      -5.669392925
          0,           0,          13,      -1.646244252,       1.001477566,      0.8397640669,       4.150568215,            280000,     0.04443302626,     -0.2523924599,                 0,                 0,                 0,     -0.1933278911,     0.04443302626,     -0.2523924599,                 0,      -5.680289665
          0,           0,          14,      -1.722278066,      0.9181435323,      0.7747673644,       4.076868576,            280000,     0.04443125435,     -0.2528227127,                 0,                 0,                 0,     -0.1938836826,     0.04443125435,     -0.2528227127,                 0,      -5.690199756
          0,           0,          15,      -1.798123809,      0.8388430207,      0.7087398168,       3.999331255,            280000,     0.04444421446,     -0.2531532936,                 0,                 0,                 0,     -0.1943254454,     0.04444421446,     -0.2531532936,                 0,       -5.69597858
          0,           0,          16,      -1.871192832,      0.7665005853,      0.6403828516,       3.923287567,            280000,     0.04446095439,     -0.2532416804,                 0,                 0,                 0,      -0.194475309,     0.04446095439,     -0.2532416804,                 0,       -5.69582196
          0,           0,          17,      -1.941708931,      0.6976832202,      0.5722460525,       3.849730813,            280000,     0.04447885773,     -0.2529947611,                 0,                 0,                 0,      -0.194213272,     0.04447885773,     -0.2529947611,                 0,       -5.68797793
          0,           0,          18,      -2.004768137,      0.6507188079,      0.4897891833,       3.782734007,            280000,     0.04447881073,     -0.2527215774,                 0,                 0,                 0,     -0.1938845688,     0.04447881073,     -0.2527215774,                 0,      -5.681842056
          0,           0,          19,      -2.091037162,      0.5323710194,      0.4425732912,       3.698956998,            280000,     0.04447570401,     -0.2523488199,                 0,                 0,                 0,     -0.1934379352,     0.04447570401,     -0.2523488199,                 0,      -5.673857796
          0,           0,          20,       -2.14586202,      0.4792466273,      0.3906964054,       3.641008001,            280000,     0.04446900884,     -0.2520919746,                 0,                 0,                 0,      -0.193123694,     0.04446900884,     -0.2520919746,                 0,      -5.668936214
          0,           0,          21,      -2.197951767,      0.4300991728,      0.3383136147,       3.587507864,            280000,     0.04446190474,     -0.2519665581,                 0,                 0,                 0,     -0.1929650777,     0.04446190474,     -0.2519665581,                 0,      -5.667021229
          0,           0,          22,       -2.25005222,      0.3779406878,      0.2848033125,       3.535109484,            280000,     0.04445583616,     -0.2519502218,                 0,                 0,                 0,     -0.1929406242,     0.04445583616,     -0.2519502218,                 0,      -5.667427351
          0,           0,          23,      -2.302407233,      0.3245498306,      0.2312394122,       3.483002297,            280000,     0.04445129061,     -0.2520056473,                 0,                 0,                 0,     -0.1930072979,     0.04445129061,     -0.2520056473,                 0,      -5.669253779
          0,           0,          24,      -2.355395293,      0.2708870637,      0.1784750774,        3.43059836,            280000,     0.04444795083,     -0.2521039372,                 0,                 0,                 0,     -0.1931302752,     0.04444795083,     -0.2521039372,                 0,       -5.67189111
          0,           0,          25,      -2.404461138,      0.2298198306,      0.1227905998,       3.381955172,            280000,      0.0444467687,     -0.2522044891,                 0,                 0,                 0,     -0.1932566754,      0.0444467687,     -0.2522044891,                 0,      -5.674304262
          0,           0,          26,       -2.46754788,      0.1547426531,     0.07412436275,       3.320266827,            280000,     0.04444702042,     -0.2523059479,                 0,                 0,                 0,      -0.193385096,     0.04444702042,     -0.2523059479,                 0,      -5.676554818
          0,           0,          27,      -2.514691876,      0.1127581326,     0.02160783006,       3.272816059,            280000,     0.04444818087,      -0.252391746,                 0,                 0,                 0,     -0.1934945704,     0.04444818087,      -0.252391746,                 0,      -5.678336909
          0,           0,          28,      -2.560314393,     0.07285581769,    -0.04385990987,       3.227884693,            280000,     0.04444867903,     -0.2524387042,                 0,                 0,                 0,     -0.1935568855,     0.04444867903,     -0.2524387042,                 0,      -5.679329728
          0,           0,          29,      -2.625874319,    -0.01165630777,    -0.07848375033,       3.163056014,            280000,     0.04444936403,     -0.2524701785,                 0,                 0,                 0,     -0.1935988276,     0.04444936403,     -0.2524701785,                 0,      -5.679950298
          0,           0,          30,      -2.662675471,    -0.04004137409,     -0.1317899253,       3.124645589,            280000,     0.04444960168,     -0.2524762667,                 0,                 0,                 0,      -0.193609487,     0.04444960168,     -0.2524762667,                 0,      -5.680056899
          0,           0,          31,      -2.712580337,    -0.09394495002,     -0.1739351706,       3.075309894,            280000,     0.04444941858,     -0.2524655743,                 0,                 0,                 0,     -0.1935987459,     0.04444941858,     -0.2524655743,                 0,      -5.679839746
          0,           0,          32,       -2.75857437,     -0.1397551543,     -0.2193516928,        3.02953063,            280000,     0.04444896455,     -0.2524415469,                 0,                 0,                 0,     -0.1935705975,     0.04444896455,     -0.2524415469,                 0,      -5.679357202
          0,           0,          33,      -2.803275695,     -0.1813078943,     -0.2791527873,        2.98575092,            280000,     0.04444816463,     -0.2524156315,                 0,                 0,                 0,     -0.1935397676,     0.04444816463,     -0.2524156315,                 0,      -5.678876363
          0,           0,          34,      -2.861152807,     -0.2509138124,     -0.3204433312,       2.928842442,            280000,      0.0444474973,     -0.2523881514,                 0,                 0,                 0,     -0.1935063407,      0.0444474973,     -0.2523881514,                 0,      -5.678343365
          0,           0,          35,      -2.907686907,     -0.2965994313,     -0.3702751001,       2.882147877,            280000,     0.04444687303,     -0.2523638179,                 0,                 0,                 0,     -0.1934763879,     0.04444687303,     -0.2523638179,                 0,      -5.677875646
          0,           0,          36,         -2.957131,     -0.3474032614,     -0.4183459379,       2.833011613,            280000,     0.04444644444,     -0.2523453446,                 0,                 0,                 0,      -0.193453274,     0.04444644444,     -0.2523453446,                 0,      -5.677514765
          0,           0,          37,      -3.006697377,     -0.3990588959,     -0.4656535045,         2.7835648,            280000,     0.04444622418,      -0.252332956,                 0,                 0,                 0,     -0.1934374997,     0.04444622418,      -0.252332956,                 0,      -5.677264169
          0,           0,          38,      -3.055518778,     -0.4493358216,     -0.5137049131,       2.734535789,            280000,     0.04444623661,     -0.2523259945,                 0,                 0,                 0,     -0.1934284697,     0.04444623661,     -0.2523259945,                 0,      -5.677105954
          0,           0,          39,      -3.103664876,     -0.4991568262,     -0.5600835746,       2.686104298,            280000,     0.04444636983,     -0.2523224336,                 0,                 0,                 0,     -0.1934235222,     0.04444636983,     -0.2523224336,                 0,      -5.677008822
          0,           0,          40,      -3.150199591,     -0.5451484591,     -0.6116367359,       2.639956359,            280000,     0.04444649573,     -0.2523216289,                 0,                 0,                 0,      -0.193422079,     0.04444649573,     -0.2523216289,                 0,      -5.676974636
          0,           0,          41,      -3.199739311,     -0.5964138557,     -0.6620594637,       2.591302868,            280000,     0.04444656749,     -0.2523221071,                 0,                 0,                 0,     -0.1934224304,     0.04444656749,     -0.2523221071,                 0,      -5.676976228
          0,           0,          42,      -3.251395806,     -0.6518233396,     -0.7118439864,       2.540487488,            280000,     0.04444655984,     -0.2523229748,                 0,                 0,                 0,     -0.1934234678,     0.04444655984,     -0.2523229748,                 0,      -5.676996728
          0,           0,          43,      -3.302015434,     -0.7060521814,     -0.7595023477,       2.489895492,            280000,     0.04444652535,     -0.2523245206,                 0,                 0,                 0,     -0.1934253573,     0.04444652535,     -0.2523245206,                 0,      -5.677035913
          0,           0,          44,      -3.348336067,      -0.750954466,     -0.8069071763,       2.443058024,            280000,     0.04444648298,     -0.2523265219,                 0,                 0,                 0,     -0.1934278415,     0.04444648298,     -0.2523265219,                 0,      -5.677086353
          0,           0,          45,      -3.394183214,     -0.7949801522,     -0.8558010899,       2.397295174,            280000,     0.04444643862,     -0.2523286595,                 0,                 0,                 0,     -0.1934305572,     0.04444643862,     -0.2523286595,                 0,      -5.677140111
          0,           0,          46,      -3.442425847,     -0.8443181044,     -0.9048481459,       2.349610772,            280000,     0.04444640063,     -0.2523308043,                 0,                 0,                 0,     -0.1934333285,     0.04444640063,     -0.2523308043,                 0,       -5.67719322
          0,           0,          47,      -3.491771722,     -0.8961104018,     -0.9527390103,       2.300497297,            280000,     0.04444638848,     -0.2523330029,                 0,                 0,                 0,      -0.193436098,     0.04444638848,     -0.2523330029,                 0,      -5.677244239
          0,           0,          48,      -3.534954415,     -0.9302058337,     -0.9848020066,       2.256327825,            280000,     0.04444639515,     -0.2523351128,                 0,                 0,                 0,     -0.1934388192,     0.04444639515,     -0.2523351128,                 0,      -5.677290857
          0,           0,          49,      -3.578521822,     -0.9707646502,      -1.029033348,       2.213820528,            280000,     0.04444638497,     -0.2523367064,                 0,                 0,                 0,     -0.1934409588,     0.04444638497,     -0.2523367064,                 0,      -5.677328011
          0,           0,          50,      -3.624257467,      -1.018622182,      -1.075110414,         2.1686006,            280000,     0.04444634903,     -0.2523378461,                 0,                 0,                 0,     -0.1934425108,     0.04444634903,     -0.2523378461,                 0,      -5.677358243
          0,           0,          51,       -3.67020672,      -1.067002669,      -1.121251608,       2.122619788,            280000,     0.04444629209,     -0.2523385672,                 0,                 0,                 0,     -0.1934434942,     0.04444629209,     -0.2523385672,                 0,      -5.677381741
          0,           0,          52,      -3.715210303,      -1.113108153,      -1.167175744,       2.077353046,            280000,     0.04444621933,      -0.252338855,                 0,                 0,                 0,     -0.1934438984,     0.04444621933,      -0.252338855,                 0,       -5.67739751
          0,           0,          53,      -3.759324531,      -1.157108647,      -1.212812657,       2.032931608,            280000,     0.04444613519,     -0.2523387962,                 0,                 0,                 0,     -0.1934438311,     0.04444613519,     -0.2523387962,                 0,      -5.677406937
          0,           0,          54,      -3.803273878,      -1.200664306,      -1.258893252,       1.988929418,            280000,     0.04444601797,     -0.2523383772,                 0,                 0,                 0,      -0.193443224,     0.04444601797,     -0.2523383772,                 0,      -5.677412484
          0,           0,          55,      -3.850334277,      -1.255985321,      -1.323713573,       1.942146035,            280000,     0.04444589379,     -0.2523376207,                 0,                 0,                 0,     -0.1934423052,     0.04444589379,     -0.2523376207,                 0,      -5.677411323
          0,           0,          56,         -3.900239,      -1.313142948,      -1.377198305,       1.892167582,            280000,     0.04444578914,     -0.2523368544,                 0,                 0,                 0,     -0.1934413701,     0.04444578914,     -0.2523368544,                 0,      -5.677407452
          0,           0,          57,      -3.948836427,      -1.364556909,      -1.426140376,       1.843217572,            280000,     0.04444571661,       -0.25233619,                 0,                 0,                 0,     -0.1934405508,     0.04444571661,       -0.25233619,                 0,      -5.677401767
          0,           0,          58,      -3.995299735,       -1.41010469,      -1.474404337,       1.796479842,            280000,     0.04444568199,      -0.252335664,                 0,                 0,                 0,     -0.1934399091,     0.04444568199,      -0.252335664,                 0,      -5.677394353
          0,           0,          59,      -4.041638073,      -1.455387278,      -1.522677051,       1.750092956,            280000,     0.04444568515,     -0.2523353446,                 0,                 0,                 0,      -0.193439516,     0.04444568515,     -0.2523353446,                 0,      -5.677386764
          0,           0,          60,      -4.088482155,      -1.500274486,      -1.571383925,       1.703904366,            280000,     0.04444570346,     -0.2523351616,                 0,                 0,                 0,     -0.1934392541,     0.04444570346,     -0.2523351616,                 0,      -5.677380308
          0,           0,          61,      -4.133094767,      -1.536854848,      -1.613312636,       1.660431252,            280000,     0.04444573122,     -0.2523349641,                 0,                 0,                 0,     -0.1934390407,     0.04444573122,     -0.2523349641,                 0,      -5.677372318
          0,           0,          62,      -4.179531262,      -1.582932855,       -1.65799345,       1.615115784,            280000,     0.04444576472,     -0.2523348435,                 0,                 0,                 0,     -0.1934389438,     0.04444576472,     -0.2523348435,                 0,      -5.677365325
          0,           0,          63,      -4.226834987,      -1.633632843,      -1.703283546,       1.568223071,            280000,     0.04444579944,     -0.2523348421,                 0,                 0,                 0,     -0.1934389728,     0.04444579944,     -0.2523348421,                 0,      -5.677360859
          0,           0,          64,      -4.274318856,      -1.684622889,      -1.748532062,       1.520661913,            280000,     0.04444582901,     -0.2523348951,                 0,                 0,                 0,     -0.1934390496,     0.04444582901,     -0.2523348951,                 0,      -5.677358274
          0,           0,          65,      -4.320772576,      -1.733016814,      -1.793990187,        1.47386624,            280000,     0.04444584895,     -0.2523349255,                 0,                 0,                 0,     -0.1934390933,     0.04444584895,     -0.2523349255,                 0,      -5.677356412
          0,           0,          66,      -4.366946638,      -1.780554729,      -1.839861527,       1.427605036,            280000,     0.04444585737,     -0.2523349081,                 0,                 0,                 0,     -0.1934390747,     0.04444585737,     -0.2523349081,                 0,      -5.677354945
          0,           0,          67,      -4.413134303,      -1.828180932,      -1.886298184,       1.381572285,            280000,     0.04444585369,     -0.2523348449,                 0,                 0,                 0,     -0.1934389924,     0.04444585369,     -0.2523348449,                 0,      -5.677353993
          0,           0,          68,       -4.45877301,      -1.875192346,      -1.933901154,       1.336086157,            280000,     0.04444583906,     -0.2523347491,                 0,                 0,                 0,     -0.1934388621,     0.04444583906,     -0.2523347491,                 0,      -5.677353707
          0,           0,          69,       -4.50413995,      -1.922010586,      -1.982904089,       1.290912557,            280000,     0.04444581708,     -0.2523346363,                 0,                 0,                 0,     -0.1934387063,     0.04444581708,     -0.2523346363,                 0,      -5.677353974
          0,           0,          70,      -4.549625959,      -1.969060859,      -2.032924547,       1.245690908,            280000,     0.04444579277,     -0.2523345171,                 0,                 0,                 0,     -0.1934385426,     0.04444579277,     -0.2523345171,                 0,      -5.677354398
          0,           0,          71,      -4.595392722,      -2.016422779,      -2.083492278,       1.200217487,            280000,     0.04444576686,     -0.2523343719,                 0,                 0,                 0,     -0.1934383557,     0.04444576686,     -0.2523343719,                 0,       -5.67735444
          0,           0,          72,      -4.642055048,       -2.07686704,      -2.160789832,        1.15300351,            280000,     0.04444575548,     -0.2523343336,                 0,                 0,                 0,     -0.1934382922,     0.04444575548,     -0.2523343336,                 0,      -5.677355035
          0,           0,          73,      -4.689968153,      -2.121363437,      -2.200009083,       1.104565704,            280000,     0.04444574713,     -0.2523342931,                 0,                 0,                 0,     -0.1934382477,     0.04444574713,     -0.2523342931,                 0,       -5.67735519
          0,           0,          74,      -4.734921117,      -2.168674954,      -2.252867845,       1.058753061,            280000,     0.04444574437,     -0.2523343071,                 0,                 0,                 0,     -0.1934382544,     0.04444574437,     -0.2523343071,                 0,      -5.677355856
          0,           0,          75,      -4.780438868,       -2.21138793,      -2.299050671,       1.013463356,            280000,     0.04444574575,     -0.2523343331,                 0,                 0,                 0,     -0.1934382886,     0.04444574575,     -0.2523343331,                 0,      -5.677356267
          0,           0,          76,      -4.826546007,      -2.258918822,      -2.348763905,      0.9676917831,            280000,      0.0444457508,     -0.2523343791,                 0,                 0,                 0,     -0.1934383518,      0.0444457508,     -0.2523343791,                 0,      -5.677356655
          0,           0,          77,      -4.874417853,      -2.310808652,      -2.399033463,      0.9201592993,            280000,       0.044445758,     -0.2523344416,                 0,                 0,                 0,     -0.1934384339,       0.044445758,     -0.2523344416,                 0,      -5.677357142
          0,           0,          78,      -4.922747893,        -2.3629651,      -2.448987966,      0.8719295678,            280000,     0.04444576596,     -0.2523345063,                 0,                 0,                 0,     -0.1934385174,     0.04444576596,     -0.2523345063,                 0,      -5.677357581
          0,           0,          79,      -4.970795578,      -2.413625842,      -2.498758991,       0.823777923,            280000,     0.04444577367,      -0.252334561,                 0,                 0,                 0,     -0.1934385884,     0.04444577367,      -0.252334561,                 0,      -5.677357827
          0,           0,          80,      -5.018484186,      -2.462915104,      -2.548549952,      0.7759178262,            280000,      0.0444457798,     -0.2523345983,                 0,                 0,                 0,     -0.1934386391,      0.0444457798,     -0.2523345983,                 0,      -5.677357881
          0,           0,          81,      -5.073727797,      -2.517704142,      -2.583528644,       0.722513623,            280000,     0.04444578507,      -0.252334629,                 0,                 0,                 0,     -0.1934386804,     0.04444578507,      -0.252334629,                 0,        -5.6773579
          0,           0,          82,      -5.123113497,      -2.563382391,      -2.616706661,      0.6733192614,            280000,     0.04444578851,     -0.2523346501,                 0,                 0,                 0,      -0.193438708,     0.04444578851,     -0.2523346501,                 0,      -5.677357935
          0,           0,          83,      -5.167455434,      -2.606460871,      -2.662005846,       0.628854928,            280000,     0.04444578964,     -0.2523346596,                 0,                 0,                 0,     -0.1934387201,     0.04444578964,     -0.2523346596,                 0,      -5.677358006
          0,           0,          84,         -5.212781,      -2.654248429,      -2.710052872,      0.5836761112,            280000,     0.04444578859,     -0.2523346595,                 0,                 0,                 0,     -0.1934387179,     0.04444578859,     -0.2523346595,                 0,      -5.677358135
          0,           0,          85,      -5.252977015,      -2.701329861,      -2.779248184,      0.5426687923,            280000,     0.04444578587,     -0.2523346468,                 0,                 0,                 0,     -0.1934387018,     0.04444578587,     -0.2523346468,                 0,      -5.677358198
          0,           0,          86,      -5.294503277,      -2.748734671,      -2.841833321,      0.5001355989,            280000,     0.04444578221,     -0.2523346259,                 0,                 0,                 0,     -0.1934386764,     0.04444578221,     -0.2523346259,                 0,      -5.677358196
          0,           0,          87,      -5.338626494,      -2.797329871,      -2.896705112,      0.4556667367,            280000,     0.04444577817,     -0.2523346021,                 0,                 0,                 0,     -0.1934386465,     0.04444577817,     -0.2523346021,                 0,      -5.677358177
          0,           0,          88,      -5.383657825,      -2.844919322,        -2.9474661,      0.4106862913,            280000,     0.04444577418,     -0.2523345787,                 0,                 0,                 0,     -0.1934386162,     0.04444577418,     -0.2523345787,                 0,       -5.67735816
          0,           0,          89,      -5.429025241,      -2.892332978,      -2.997138848,      0.3655566972,            280000,     0.04444577066,      -0.252334558,                 0,                 0,                 0,     -0.1934385887,     0.04444577066,      -0.252334558,                 0,      -5.677358143
          0,           0,          90,      -5.474629859,      -2.940644066,      -3.046850467,      0.3202159863,            280000,     0.04444576798,     -0.2523345418,                 0,                 0,                 0,      -0.193438567,     0.04444576798,     -0.2523345418,                 0,      -5.677358121
          0,           0,          91,      -5.520151058,      -2.989504989,      -3.096514247,      0.2748438872,            280000,     0.04444576642,     -0.2523345318,                 0,                 0,                 0,     -0.1934385532,     0.04444576642,     -0.2523345318,                 0,      -5.677358095
          0,           0,          92,      -5.565183424,      -3.037853846,      -3.145663799,      0.2297904047,            280000,     0.04444576611,     -0.2523345285,                 0,                 0,                 0,     -0.1934385479,     0.04444576611,     -0.2523345285,                 0,      -5.677358062
          0,           0,          93,      -5.609488372,      -3.084840527,       -3.19397736,      0.1853373865,            280000,     0.04444576698,     -0.2523345315,                 0,                 0,                 0,     -0.1934385507,     0.04444576698,     -0.2523345315,                 0,      -5.677358017
          0,           0,          94,      -5.653062512,      -3.130225511,      -3.241503223,      0.1415834814,            280000,     0.04444576879,     -0.2523345394,                 0,                 0,                 0,     -0.1934385602,     0.04444576879,     -0.2523345394,                 0,      -5.677357963
          0,           0,          95,      -5.696078951,      -3.174300204,      -3.288582651,     0.09844296276,            280000,     0.04444577119,     -0.2523345506,                 0,                 0,                 0,     -0.1934385743,     0.04444577119,     -0.2523345506,                 0,       -5.67735791
          0,           0,          96,      -5.738792592,      -3.217585641,      -3.335659402,     0.05570695172,            280000,     0.04444577377,     -0.2523345632,                 0,                 0,                 0,     -0.1934385906,     0.04444577377,     -0.2523345632,                 0,      -5.677357864
          0,           0,          97,      -5.781486096,      -3.260630381,       -3.38316237,     0.01310282599,            280000,     0.04444577617,     -0.2523345753,                 0,                 0,                 0,     -0.1934386066,     0.04444577617,     -0.2523345753,                 0,      -5.677357829
          0,           0,          98,      -5.824460314,      -3.303997841,      -3.431461571,    -0.02967320573,            280000,     0.04444577812,     -0.2523345853,                 0,                 0,                 0,       -0.19343862,     0.04444577812,     -0.2523345853,                 0,      -5.677357805
          0,           0,          99,      -5.867999374,      -3.348281783,      -3.480792373,    -0.07291296398,            280000,     0.04444577945,      -0.252334592,                 0,                 0,                 0,     -0.1934386295,     0.04444577945,      -0.252334592,                 0,      -5.677357787
          0,           0,         100,      -5.912264587,      -3.393980998,       -3.53113524,     -0.1168047607,            280000,     0.04444578011,     -0.2523345952,                 0,                 0,                 0,     -0.1934386344,     0.04444578011,     -0.2523345952,                 0,      -5.677357773
          0,           0,         101,      -5.957153022,      -3.441209759,      -3.582076801,     -0.1613094591,            280000,     0.04444578016,     -0.2523345951,                 0,                 0,                 0,     -0.1934386348,     0.04444578016,     -0.2523345951,                 0,      -5.677357764
          0,           0,         102,      -6.002218794,      -3.489366706,      -3.632638998,     -0.2060822284,            280000,     0.04444577972,     -0.2523345923,                 0,                 0,                 0,     -0.1934386317,     0.04444577972,     -0.2523345923,                 0,      -5.677357758
          0,           0,         103,      -6.046723504,      -3.537028505,      -3.681531982,     -0.2504989016,            280000,     0.04444577895,     -0.2523345879,                 0,                 0,                 0,     -0.1934386262,     0.04444577895,     -0.2523345879,                 0,      -5.677357758
          0,           0,         104,      -6.089950778,      -3.582596301,      -3.728332473,       -0.29389434,            280000,       0.044445778,     -0.2523345827,                 0,                 0,                 0,     -0.1934386195,       0.044445778,     -0.2523345827,                 0,      -5.677357762
          0,           0,         105,      -6.131722891,      -3.625459336,      -3.773976852,     -0.3359953382,            280000,     0.04444577703,     -0.2523345775,                 0,                 0,                 0,     -0.1934386126,     0.04444577703,     -0.2523345775,                 0,       -5.67735777
          0,           0,         106,      -6.172638726,      -3.666484223,       -3.81935842,     -0.3771969382,            280000,     0.04444577613,     -0.2523345728,                 0,                 0,                 0,     -0.1934386062,     0.04444577613,     -0.2523345728,                 0,      -5.677357778
          0,           0,         107,      -6.213700674,      -3.707355163,      -3.864371241,     -0.4183200622,            280000,     0.04444577539,      -0.252334569,                 0,                 0,                 0,     -0.1934386009,     0.04444577539,      -0.252334569,                 0,      -5.677357787
          0,           0,         108,      -6.255602664,      -3.749381443,      -3.908600261,     -0.4600131803,            280000,     0.04444577483,     -0.2523345662,                 0,                 0,                 0,     -0.1934385969,     0.04444577483,     -0.2523345662,                 0,      -5.677357794
          0,           0,         109,      -6.298317191,      -3.792733378,      -3.952096799,     -0.5023643345,            280000,     0.04444577448,     -0.2523345644,                 0,                 0,                 0,     -0.1934385944,     0.04444577448,     -0.2523345644,                 0,        -5.6773578
          0,           0,         110,      -6.341262365,      -3.836584283,      -3.995325589,     -0.5449779405,            280000,      0.0444457743,     -0.2523345636,                 0,                 0,                 0,     -0.1934385932,      0.0444457743,     -0.2523345636,                 0,      -5.677357804
          0,           0,         111,      -6.383799526,      -3.879817751,      -4.038309141,     -0.5873406649,            280000,     0.04444577427,     -0.2523345635,                 0,                 0,                 0,     -0.1934385931,     0.04444577427,     -0.2523345635,                 0,      -5.677357806
          0,           0,         112,      -6.425604755,      -3.921671982,       -4.08055448,     -0.6291383055,            280000,     0.04444577435,      -0.252334564,                 0,                 0,                 0,     -0.1934385938,     0.04444577435,      -0.252334564,                 0,      -5.677357808
          0,           0,         113,       -6.46677988,      -3.962246924,      -4.122941035,     -0.6703867074,            280000,      0.0444457745,     -0.2523345649,                 0,                 0,                 0,     -0.1934385949,      0.0444457745,     -0.2523345649,                 0,      -5.677357808
          0,           0,         114,      -6.507949857,      -4.002886148,      -4.167395703,     -0.7115612936,            280000,     0.04444577469,      -0.252334566,                 0,                 0,                 0,     -0.1934385964,     0.04444577469,      -0.252334566,                 0,      -5.677357808
          0,           0,         115,      -6.550135641,      -4.045709035,      -4.214191023,     -0.7535443768,            280000,     0.04444577488,     -0.2523345671,                 0,                 0,                 0,      -0.193438598,     0.04444577488,     -0.2523345671,                 0,      -5.677357808
          0,           0,         116,      -6.593978934,      -4.092045974,      -4.261798599,     -0.7969669126,            280000,     0.04444577507,     -0.2523345681,                 0,                 0,                 0,     -0.1934385994,     0.04444577507,     -0.2523345681,                 0,      -5.677357807
          0,           0,         117,      -6.639081358,      -4.141364174,       -4.30871522,     -0.8415995875,            280000,     0.04444577525,     -0.2523345691,                 0,                 0,                 0,     -0.1934386007,     0.04444577525,     -0.2523345691,                 0,      -5.677357807
          0,           0,         118,      -6.684198365,      -4.191439452,      -4.354118302,     -0.8864455685,            280000,     0.04444577539,     -0.2523345699,                 0,                 0,                 0,     -0.1934386018,     0.04444577539,     -0.2523345699,                 0,      -5.677357806
          0,           0,         119,      -6.727920022,      -4.239201209,      -4.396980412,     -0.9302574685,            280000,     0.04444577552,     -0.2523345706,                 0,                 0,                 0,     -0.1934386026,     0.04444577552,     -0.2523345706,                 0,      -5.677357806
          0,           0,         120,      -6.769374673,       -4.28216729,      -4.436352659,     -0.9721362965,            280000,     0.04444577561,     -0.2523345711,                 0,                 0,                 0,     -0.1934386032,     0.04444577561,     -0.2523345711,                 0,      -5.677357805
          0,           0,         121,      -6.808626303,      -4.320094808,      -4.473986483,      -1.011929332,            280000,     0.04444577568,     -0.2523345714,                 0,                 0,                 0,     -0.1934386037,     0.04444577568,     -0.2523345714,                 0,      -5.677357804
          0,           0,         122,      -6.846622887,      -4.355236652,      -4.513217671,      -1.050316815,            280000,     0.04444577573,     -0.2523345717,                 0,                 0,                 0,     -0.1934386039,     0.04444577573,     -0.2523345717,                 0,      -5.677357803
          0,           0,         123,      -6.884822745,      -4.390827477,      -4.554947762,      -1.088590687,            280000,     0.04444577575,     -0.2523345718,                 0,                 0,                 0,      -0.193438604,     0.04444577575,     -0.2523345718,                 0,      -5.677357802
          0,           0,         124,       -6.92454576,       -4.42942354,       -4.59737445,      -1.128029705,            280000,     0.04444577576,     -0.2523345717,                 0,                 0,                 0,     -0.1934386039,     0.04444577576,     -0.2523345717,                 0,      -5.677357801
          0,           0,         125,      -6.966191145,      -4.471826692,      -4.638648643,      -1.169130585,            280000,     0.04444577574,     -0.2523345716,                 0,                 0,                 0,     -0.1934386037,     0.04444577574,     -0.2523345716,                 0,      -5.677357801
          0,           0,         126,      -7.008929205,      -4.516597096,      -4.678317302,      -1.211306527,            280000,      0.0444457757,     -0.2523345714,                 0,                 0,                 0,     -0.1934386035,      0.0444457757,     -0.2523345714,                 0,        -5.6773578
          0,           0,         127,      -7.051264303,      -4.560809596,      -4.716338295,       -1.25330429,            280000,     0.04444577566,     -0.2523345711,                 0,                 0,                 0,     -0.1934386031,     0.04444577566,     -0.2523345711,                 0,        -5.6773578
          0,           0,         128,      -7.091913336,      -4.601666259,       -4.75127277,      -1.293913407,            280000,     0.04444577561,     -0.2523345708,                 0,                 0,                 0,     -0.1934386028,     0.04444577561,     -0.2523345708,                 0,      -5.677357799
          0,           0,         129,       -7.13040375,      -4.638085418,      -4.783472861,      -1.332550343,            280000,     0.04444577555,     -0.2523345705,                 0,                 0,                 0,     -0.1934386024,     0.04444577555,     -0.2523345705,                 0,      -5.677357799
          0,           0,         130,      -7.167455137,      -4.672358804,      -4.819377193,      -1.369694738,            280000,      0.0444457755,     -0.2523345702,                 0,                 0,                 0,     -0.1934386021,      0.0444457755,     -0.2523345702,                 0,        -5.6773578
          0,           0,         131,      -7.204377713,      -4.708059962,      -4.862568127,      -1.406538795,            280000,     0.04444577546,       -0.25233457,                 0,                 0,                 0,     -0.1934386018,     0.04444577546,       -0.25233457,                 0,        -5.6773578
          0,           0,         132,      -7.241882249,      -4.745865839,      -4.908518323,      -1.443842913,            280000,     0.04444577542,     -0.2523345698,                 0,                 0,                 0,     -0.1934386015,     0.04444577542,     -0.2523345698,                 0,      -5.677357801
          0,           0,         133,       -7.28857353,      -4.803718271,      -4.961323286,       -1.49029335,            280000,     0.04444577539,     -0.2523345696,                 0,                 0,                 0,     -0.1934386013,     0.04444577539,     -0.2523345696,                 0,      -5.677357801
          0,           0,         134,      -7.332684484,      -4.848952012,      -4.990428105,       -1.53466031,            280000,     0.04444577537,     -0.2523345695,                 0,                 0,                 0,     -0.1934386012,     0.04444577537,     -0.2523345695,                 0,      -5.677357802
          0,           0,         135,      -7.379663005,      -4.895512643,      -5.035948988,      -1.581844468,            280000,     0.04444577537,     -0.2523345695,                 0,                 0,                 0,     -0.1934386012,     0.04444577537,     -0.2523345695,                 0,      -5.677357802
          0,           0,         136,      -7.421622334,      -4.935169089,       -5.05573385,       -1.62394497,            280000,     0.04444577537,     -0.2523345696,                 0,                 0,                 0,     -0.1934386012,     0.04444577537,     -0.2523345696,                 0,      -5.677357802
          0,           0,         137,      -7.463773136,      -4.976656989,      -5.096299557,      -1.665549813,            280000,     0.04444577538,     -0.2523345697,                 0,                 0,                 0,     -0.1934386013,     0.04444577538,     -0.2523345697,                 0,      -5.677357802
          0,           0,         138,      -7.504924008,      -5.016883987,       -5.14069871,      -1.706887609,            280000,      0.0444457754,     -0.2523345698,                 0,                 0,                 0,     -0.1934386014,      0.0444457754,     -0.2523345698,                 0,      -5.677357802
          0,           0,         139,       -7.54572406,      -5.055931878,      -5.180957925,      -1.747973655,            280000,     0.04444577543,     -0.2523345699,                 0,                 0,                 0,     -0.1934386016,     0.04444577543,     -0.2523345699,                 0,      -5.677357802
          0,           0,         140,      -7.579381923,      -5.077047624,      -5.214150467,      -1.781380915,            280000,     0.04444577545,       -0.25233457,                 0,                 0,                 0,     -0.1934386017,     0.04444577545,       -0.25233457,                 0,      -5.677357802
          0,           0,         141,      -7.620679836,      -5.121061152,      -5.272036483,      -1.821193285,            280000,     0.04444577547,     -0.2523345701,                 0,                 0,                 0,     -0.1934386019,     0.04444577547,     -0.2523345701,                 0,      -5.677357802
          0,           0,         142,      -7.661417085,      -5.166065317,       -5.32025738,      -1.861321192,            280000,     0.04444577549,     -0.2523345702,                 0,                 0,                 0,     -0.1934386021,     0.04444577549,     -0.2523345702,                 0,      -5.677357801
          0,           0,         143,       -7.70948988,      -5.228455593,      -5.370166481,      -1.909649754,            280000,     0.04444577551,     -0.2523345703,                 0,                 0,                 0,     -0.1934386022,     0.04444577551,     -0.2523345703,                 0,      -5.677357801
          0,           0,         144,      -7.751801488,      -5.271329554,      -5.401842882,      -1.952627552,            280000,     0.04444577552,     -0.2523345704,                 0,                 0,                 0,     -0.1934386022,     0.04444577552,     -0.2523345704,                 0,      -5.677357801
          0,           0,         145,      -7.790843324,      -5.305141011,      -5.432992261,      -1.991673417,            280000,     0.04444577553,     -0.2523345704,                 0,                 0,                 0,     -0.1934386023,     0.04444577553,     -0.2523345704,                 0,      -5.677357801
          0,           0,         146,      -7.831854291,      -5.344024167,      -5.473116816,      -2.032335411,            280000,     0.04444577553,     -0.2523345704,                 0,                 0,                 0,     -0.1934386023,     0.04444577553,     -0.2523345704,                 0,      -5.677357801
          0,           0,         147,      -7.874352782,      -5.386810567,      -5.512895609,      -2.074786462,            280000,     0.04444577552,     -0.2523345704,                 0,                 0,                 0,     -0.1934386023,     0.04444577552,     -0.2523345704,                 0,      -5.677357801
          0,           0,         148,      -7.915950699,        -5.4267266,      -5.546289975,      -2.116625705,            280000,     0.04444577552,     -0.2523345704,                 0,                 0,                 0,     -0.1934386023,     0.04444577552,     -0.2523345704,                 0,      -5.677357801
          0,           0,         149,      -7.956813799,      -5.464009556,      -5.580951311,      -2.157597455,            280000,     0.04444577551,     -0.2523345703,                 0,                 0,                 0,     -0.1934386022,     0.04444577551,     -0.2523345703,                 0,      -5.677357801
          0,           0,         150,      -7.997883502,      -5.501273212,      -5.618926308,      -2.198570913,            280000,     0.04444577551,     -0.2523345703,                 0,                 0,                 0,     -0.1934386022,     0.04444577551,     -0.2523345703,                 0,      -5.677357801
          0,           0,         151,      -8.038897556,      -5.538753446,      -5.663164775,      -2.239250363,            280000,      0.0444457755,     -0.2523345703,                 0,                 0,                 0,     -0.1934386021,      0.0444457755,     -0.2523345703,                 0,      -5.677357801
          0,           0,         152,      -8.081544142,      -5.580241557,      -5.708141288,      -2.281234168,            280000,     0.04444577549,     -0.2523345702,                 0,                 0,                 0,     -0.1934386021,     0.04444577549,     -0.2523345702,                 0,      -5.677357801
          0,           0,         153,      -8.126015135,      -5.626439136,      -5.753805553,      -2.324947991,            280000,     0.04444577549,     -0.2523345702,                 0,                 0,                 0,      -0.193438602,     0.04444577549,     -0.2523345702,                 0,      -5.677357801
          0,           0,         154,      -8.170779103,      -5.674275186,      -5.799207233,       -2.36922298,            280000,     0.04444577548,     -0.2523345702,                 0,                 0,                 0,      -0.193438602,     0.04444577548,     -0.2523345702,                 0,      -5.677357801
          0,           0,         155,      -8.214817453,      -5.721348018,      -5.844104385,      -2.413143975,            280000,     0.04444577548,     -0.2523345701,                 0,                 0,                 0,      -0.193438602,     0.04444577548,     -0.2523345701,                 0,      -5.677357801
          0,           0,         156,      -8.257861145,      -5.766604079,      -5.888228997,      -2.456373313,            280000,     0.04444577547,     -0.2523345701,                 0,                 0,                 0,     -0.1934386019,     0.04444577547,     -0.2523345701,                 0,      -5.677357801
          0,           0,         157,      -8.300156887,      -5.809952118,      -5.930811484,      -2.499029026,            280000,     0.04444577547,     -0.2523345701,                 0,                 0,                 0,     -0.1934386019,     0.04444577547,     -0.2523345701,                 0,      -5.677357801
          0,           0,         158,      -8.342008064,      -5.851448125,      -5.970224758,      -2.541301594,            280000,     0.04444577547,     -0.2523345701,                 0,                 0,                 0,     -0.1934386019,     0.04444577547,     -0.2523345701,                 0,      -5.677357801
          0,           0,         159,      -8.383265301,      -5.890391295,      -6.006276481,      -2.582938661,            280000,     0.04444577547,     -0.2523345701,                 0,                 0,                 0,     -0.1934386019,     0.04444577547,     -0.2523345701,                 0,      -5.677357801
          0,           0,         160,      -8.423990238,      -5.927031368,      -6.042284488,      -2.623833374,            280000,     0.04444577547,     -0.2523345701,                 0,                 0,                 0,     -0.1934386019,     0.04444577547,     -0.2523345701,                 0,      -5.677357801
          0,           0,         161,      -8.465100872,      -5.963833677,      -6.080663987,      -2.664746116,            280000,     0.04444577548,     -0.2523345701,                 0,                 0,                 0,     -0.1934386019,     0.04444577548,     -0.2523345701,                 0,      -5.677357801
          0,           0,         162,      -8.507784904,      -6.003774324,      -6.122334553,      -2.706854115,            280000,     0.04444577548,     -0.2523345701,                 0,                 0,                 0,     -0.1934386019,     0.04444577548,     -0.2523345701,                 0,      -5.677357801
          0,           0,         163,      -8.552138703,      -6.047505982,      -6.166653905,      -2.750477629,            280000,     0.04444577548,     -0.2523345701,                 0,                 0,                 0,      -0.193438602,     0.04444577548,     -0.2523345701,                 0,      -5.677357801
          0,           0,         164,      -8.597292288,      -6.093596481,      -6.212315865,      -2.794994776,            280000,     0.04444577548,     -0.2523345701,                 0,                 0,                 0,      -0.193438602,     0.04444577548,     -0.2523345701,                 0,      -5.677357801
          0,           0,         165,      -8.642422264,      -6.140490512,      -6.258416441,      -2.839705587,            280000,     0.04444577548,     -0.2523345702,                 0,                 0,                 0,      -0.193438602,     0.04444577548,     -0.2523345702,                 0,      -5.677357801
          0,           0,         166,      -8.686994448,      -6.187023413,       -6.30407795,      -2.884109462,            280000,     0.04444577548,     -0.2523345702,                 0,                 0,                 0,      -0.193438602,     0.04444577548,     -0.2523345702,                 0,      -5.677357801
          0,           0,         167,       -8.73072916,       -6.23234935,      -6.348516255,      -2.927900079,            280000,     0.04444577548,     -0.2523345702,                 0,                 0,                 0,      -0.193438602,     0.04444577548,     -0.2523345702,                 0,      -5.677357801
          0,           0,         168,      -8.773618541,      -6.276002873,      -6.391368472,      -2.971004635,            280000,     0.04444577548,     -0.2523345702,                 0,                 0,                 0,      -0.193438602,     0.04444577548,     -0.2523345702,                 0,      -5.677357801
          0,           0,         169,      -8.815870012,      -6.317877604,      -6.432534747,      -3.013565395,            280000,     0.04444577548,     -0.2523345702,                 0,                 0,                 0,      -0.193438602,     0.04444577548,     -0.2523345702,                 0,      -5.677357801
          0,           0,         170,      -8.857690357,      -6.357892846,      -6.471884485,      -3.055740244,            280000,     0.04444577548,     -0.2523345702,                 0,                 0,                 0,      -0.193438602,     0.04444577548,     -0.2523345702,                 0,      -5.677357801
          0,           0,         171,      -8.899255492,      -6.396096858,      -6.510073731,      -3.097600975,            280000,     0.04444577548,     -0.2523345702,                 0,                 0,                 0,      -0.193438602,     0.04444577548,     -0.2523345702,                 0,      -5.677357801
          0,           0,         172,      -8.941223676,      -6.433914893,      -6.549196244,       -3.13958653,            280000,     0.04444577548,     -0.2523345702,                 0,                 0,                 0,      -0.193438602,     0.04444577548,     -0.2523345702,                 0,      -5.677357801
          0,           0,         173,      -8.984638131,      -6.473924121,      -6.591063376,      -3.182590029,            280000,     0.04444577548,     -0.2523345702,                 0,                 0,                 0,      -0.193438602,     0.04444577548,     -0.2523345702,                 0,      -5.677357801
          0,           0,         174,      -9.029834428,      -6.517558738,      -6.635799684,      -3.227070052,            280000,     0.04444577548,     -0.2523345702,                 0,                 0,                 0,      -0.193438602,     0.04444577548,     -0.2523345702,                 0,      -5.677357801
          0,           0,         175,      -9.076278684,      -6.564456109,      -6.682639715,       -3.27275911,            280000,     0.04444577548,     -0.2523345702,                 0,                 0,                 0,      -0.193438602,     0.04444577548,     -0.2523345702,                 0,      -5.677357801
          0,           0,         176,       -9.12316203,      -6.613339536,      -6.730414289,      -3.319079829,            280000,     0.04444577548,     -0.2523345702,                 0,                 0,                 0,      -0.193438602,     0.04444577548,     -0.2523345702,                 0,      -5.677357801
          0,           0,         177,      -9.169626926,      -6.662474872,      -6.777611055,      -3.365308721,            280000,     0.04444577548,     -0.2523345702,                 0,                 0,                 0,      -0.193438602,     0.04444577548,     -0.2523345702,                 0,      -5.677357801
          0,           0,         178,      -9.214987141,       -6.71013681,      -6.823088243,      -3.410765602,            280000,     0.04444577548,     -0.2523345702,                 0,                 0,                 0,      -0.193438602,     0.04444577548,     -0.2523345702,                 0,      -5.677357801
          0,           0,         179,      -9.258983853,      -6.755249249,      -6.866627014,      -3.455093433,            280000,     0.04444577548,     -0.2523345702,                 0,                 0,                 0,      -0.193438602,     0.04444577548,     -0.2523345702,                 0,      -5.677357801
          0,           0,         180,      -9.301822816,      -6.797644601,      -6.908667985,      -3.498370451,            280000,     0.04444577548,     -0.2523345702,                 0,                 0,                 0,      -0.193438602,     0.04444577548,     -0.2523345702,                 0,      -5.677357801
          0,           0,         181,      -9.343968496,      -6.837735778,      -6.949636023,      -3.540967455,            280000,     0.04444577548,     -0.2523345702,                 0,                 0,                 0,      -0.193438602,     0.04444577548,     -0.2523345702,                 0,      -5.677357801
          0,           0,         182,      -9.385886681,      -6.876072135,      -6.989766374,      -3.583265739,            280000,     0.04444577548,     -0.2523345702,                 0,                 0,                 0,      -0.193438602,     0.04444577548,     -0.2523345702,                 0,      -5.677357801
          0,           0,         183,      -9.428201048,      -6.913808066,      -7.030088766,      -3.625703597,            280000,     0.04444577548,     -0.2523345702,                 0,                 0,                 0,      -0.193438602,     0.04444577548,     -0.2523345702,                 0,      -5.677357801
          0,           0,         184,      -9.471981307,      -6.953380837,      -7.072417147,      -3.669138947,            280000,     0.04444577548,     -0.2523345702,                 0,                 0,                 0,      -0.193438602,     0.04444577548,     -0.2523345702,                 0,      -5.677357801
          0,           0,         185,      -9.517813759,      -6.996714258,      -7.117563312,      -3.714225798,            280000,     0.04444577548,     -0.2523345702,                 0,                 0,                 0,      -0.193438602,     0.04444577548,     -0.2523345702,                 0,      -5.677357801
          0,           0,         186,      -9.558526087,      -7.033559599,       -7.13986036,      -3.754808279,            280000,     0.04444577548,     -0.2523345702,                 0,                 0,                 0,      -0.193438602,     0.04444577548,     -0.2523345702,                 0,      -5.677357801
          0,           0,         187,      -9.605295207,      -7.081735153,      -7.185269018,      -3.799333649,            280000,     0.04444577548,     -0.2523345702,                 0,                 0,                 0,      -0.193438602,     0.04444577548,     -0.2523345702,                 0,      -5.677357801
          0,           0,         188,      -9.653920649,      -7.139292687,      -7.236409772,      -3.846803935,            280000,     0.04444577548,     -0.2523345702,                 0,                 0,                 0,      -0.193438602,     0.04444577548,     -0.2523345702,                 0,      -5.677357801
          0,           0,         189,      -9.698878138,      -7.192392772,      -7.283507955,      -3.892534737,            280000,     0.04444577548,     -0.2523345702,                 0,                 0,                 0,      -0.193438602,     0.04444577548,     -0.2523345702,                 0,      -5.677357801
          0,           0,         190,      -9.746672743,      -7.246476987,      -7.362484619,      -3.940680685,            280000,     0.04444577548,     -0.2523345702,                 0,                 0,                 0,      -0.193438602,     0.04444577548,     -0.2523345702,                 0,      -5.677357801
          0,           0,         191,      -9.790915229,      -7.287939935,      -7.406535398,      -3.986735505,            280000,     0.04444577548,     -0.2523345702,                 0,                 0,                 0,      -0.193438602,     0.04444577548,     -0.2523345702,                 0,      -5.677357801
          0,           0,         192,      -9.832374126,      -7.320804651,      -7.438282563,      -4.029527857,            280000,     0.04444577548,     -0.2523345702,                 0,                 0,                 0,      -0.193438602,     0.04444577548,     -0.2523345702,                 0,      -5.677357801
          0,           0,         193,      -9.873428691,      -7.352643557,      -7.471143028,      -4.070913185,            280000,     0.04444577548,     -0.2523345702,                 0,                 0,                 0,      -0.193438602,     0.04444577548,     -0.2523345702,                 0,      -5.677357801
          0,           0,         194,      -9.915744605,      -7.387646311,      -7.509088743,      -4.112805122,            280000,     0.04444577548,     -0.2523345702,                 0,                 0,                 0,      -0.193438602,     0.04444577548,     -0.2523345702,                 0,      -5.677357801
          0,           0,         195,      -9.960393197,      -7.427556063,      -7.552536205,      -4.156580113,            280000,     0.04444577548,     -0.2523345702,                 0,                 0,                 0,      -0.193438602,     0.04444577548,     -0.2523345702,                 0,      -5.677357801
          0,           0,         196,      -10.00153666,      -7.464287414,      -7.579746295,      -4.197016792,            280000,     0.04444577548,     -0.2523345702,                 0,                 0,                 0,      -0.193438602,     0.04444577548,     -0.2523345702,                 0,      -5.677357801
          0,           0,         197,      -10.04956011,      -7.512471761,      -7.629379026,      -4.242482521,            280000,     0.04444577548,     -0.2523345702,                 0,                 0,                 0,      -0.193438602,     0.04444577548,     -0.2523345702,                 0,      -5.677357801
          0,           0,         198,      -10.10081086,      -7.571587388,      -7.686196975,       -4.29218788,            280000,     0.04444577548,     -0.2523345702,                 0,                 0,                 0,      -0.193438602,     0.04444577548,     -0.2523345702,                 0,      -5.677357801
          0,           0,         199,      -10.14981346,      -7.630768463,      -7.739458445,      -4.341618555,            280000,     0.04444577548,     -0.2523345702,                 0,                 0,                 0,      -0.193438602,     0.04444577548,     -0.2523345702,                 0,      -5.677357801
          0,           0,         200,      -10.19540734,      -7.682837374,      -7.785339036,      -4.388649157,            280000,     0.04444577548,     -0.2523345702,                 0,                 0,                 0,      -0.193438602,     0.04444577548,     -0.2523345702,                 0,      -5.677357801
          0,           0,         201,      -10.23886321,      -7.727583834,      -7.825597573,       -4.43328601,            280000,     0.04444577548,     -0.2523345702,                 0,                 0,                 0,      -0.193438602,     0.04444577548,     -0.2523345702,                 0,      -5.677357801
          0,           0,         202,      -10.28158936,      -7.768531804,      -7.864402675,      -4.476476767,            280000,     0.04444577548,     -0.2523345702,                 0,                 0,                 0,      -0.193438602,     0.04444577548,     -0.2523345702,                 0,      -5.677357801
          0,           0,         203,      -10.33050952,      -7.816571065,      -7.937227984,      -4.524579062,            280000,     0.04444577548,     -0.2523345702,                 0,                 0,                 0,      -0.193438602,     0.04444577548,     -0.2523345702,                 0,      -5.677357801
          0,           0,         204,      -10.37637484,      -7.856543681,      -7.981316793,      -4.571464077,            280000,     0.04444577548,     -0.2523345702,                 0,                 0,                 0,      -0.193438602,     0.04444577548,     -0.2523345702,                 0,      -5.677357801
          0,           0,         205,      -10.41949298,      -7.890304929,      -8.015799974,      -4.615665823,            280000,     0.04444577548,     -0.2523345702,                 0,                 0,                 0,      -0.193438602,     0.04444577548,     -0.2523345702,                 0,      -5.677357801
          0,           0,         206,      -10.46245548,      -7.924442649,      -8.052178622,      -4.658848213,            280000,     0.04444577548,     -0.2523345702,                 0,                 0,                 0,      -0.193438602,     0.04444577548,     -0.2523345702,                 0,      -5.677357801
          0,           0,         207,      -10.50204232,      -7.956419009,      -8.075380098,      -4.697819393,            280000,     0.04444577548,     -0.2523345702,                 0,                 0,                 0,      -0.193438602,     0.04444577548,     -0.2523345702,                 0,      -5.677357801
          0,           0,         208,      -10.55066029,      -8.003613504,      -8.125765487,      -4.743036651,            280000,     0.04444577548,     -0.2523345702,                 0,                 0,                 0,      -0.193438602,     0.04444577548,     -0.2523345702,                 0,      -5.677357801
          0,           0,         209,      -10.60446948,      -8.065502877,      -8.187082513,      -4.794328483,            280000,     0.04444577548,     -0.2523345702,                 0,                 0,                 0,      -0.193438602,     0.04444577548,     -0.2523345702,                 0,      -5.677357801
          0,           0,         210,      -10.65684449,       -8.13001381,      -8.246294169,      -4.846604176,            280000,     0.04444577548,     -0.2523345702,                 0,                 0,                 0,      -0.193438602,     0.04444577548,     -0.2523345702,                 0,      -5.677357801
          0,           0,         211,      -10.70549341,      -8.187354843,       -8.29778661,      -4.896721873,            280000,     0.04444577548,     -0.2523345702,                 0,                 0,                 0,      -0.193438602,     0.04444577548,     -0.2523345702,                 0,      -5.677357801
          0,           0,         212,      -10.75148461,      -8.235968603,      -8.342163889,       -4.94421633,            280000,     0.04444577548,     -0.2523345702,                 0,                 0,                 0,      -0.193438602,     0.04444577548,     -0.2523345702,                 0,      -5.677357801
          0,           0,         213,      -10.79663317,      -8.279710334,      -8.383167732,      -4.990127962,            280000,     0.04444577548,     -0.2523345702,                 0,                 0,                 0,      -0.193438602,     0.04444577548,     -0.2523345702,                 0,      -5.677357801
          0,           0,         214,      -10.84174217,      -8.321915371,      -8.423764822,      -5.035388375,            280000,     0.04444577548,     -0.2523345702,                 0,                 0,                 0,      -0.193438602,     0.04444577548,     -0.2523345702,                 0,      -5.677357801
          0,           0,         215,       -10.8867057,       -8.36384251,      -8.465423699,      -5.080283407,            280000,     0.04444577548,     -0.2523345702,                 0,                 0,                 0,      -0.193438602,     0.04444577548,     -0.2523345702,                 0,      -5.677357801
          0,           0,         216,      -10.93135417,      -8.405797564,       -8.50883452,      -5.124853449,            280000,     0.04444577548,     -0.2523345702,                 0,                 0,                 0,      -0.193438602,     0.04444577548,     -0.2523345702,                 0,      -5.677357801
          0,           0,         217,      -10.97593281,      -8.448268177,      -8.554320533,      -5.169299499,            280000,     0.04444577548,     -0.2523345702,                 0,                 0,                 0,      -0.193438602,     0.04444577548,     -0.2523345702,                 0,      -5.677357801
          0,           0,         218,      -11.02097636,      -8.492002883,      -8.601905301,      -5.214065227,            280000,     0.04444577548,     -0.2523345702,                 0,                 0,                 0,      -0.193438602,     0.04444577548,     -0.2523345702,                 0,      -5.677357801
          0,           0,         219,      -11.06698333,      -8.537547974,      -8.651165846,      -5.259598414,            280000,     0.04444577548,     -0.2523345702,                 0,                 0,                 0,      -0.193438602,     0.04444577548,     -0.2523345702,                 0,      -5.677357801
          0,           0,         220,      -11.11419675,      -8.585250808,      -8.701252441,      -5.306210355,            280000,     0.04444577548,     -0.2523345702,                 0,                 0,                 0,      -0.193438602,     0.04444577548,     -0.2523345702,                 0,      -5.677357801
          0,           0,         221,      -11.16240501,      -8.634685862,      -8.751128403,      -5.353866399,            280000,     0.04444577548,     -0.2523345702,                 0,                 0,                 0,      -0.193438602,     0.04444577548,     -0.2523345702,                 0,      -5.677357801
          0,           0,         222,      -11.21111543,      -8.684999488,      -8.800077026,      -5.402240043,            280000,     0.04444577548,     -0.2523345702,                 0,                 0,                 0,      -0.193438602,     0.04444577548,     -0.2523345702,                 0,      -5.677357801
          0,           0,         223,      -11.25974765,      -8.735027945,      -8.847768345,      -5.450836417,            280000,     0.04444577548,     -0.2523345702,                 0,                 0,                 0,      -0.193438602,     0.04444577548,     -0.2523345702,                 0,      -5.677357801
          0,           0,         224,      -11.30793196,      -8.783836327,      -8.894158917,      -5.499254435,            280000,     0.04444577548,     -0.2523345702,                 0,                 0,                 0,      -0.193438602,     0.04444577548,     -0.2523345702,                 0,      -5.677357801
          0,           0,         225,      -11.35554591,      -8.830885532,      -8.939437014,      -5.547275677,            280000,     0.04444577548,     -0.2523345702,                 0,                 0,                 0,      -0.193438602,     0.04444577548,     -0.2523345702,                 0,      -5.677357801
          0,           0,         226,      -11.40274548,      -8.876346694,      -8.984128328,      -5.594867502,            280000,     0.04444577548,     -0.2523345702,                 0,                 0,                 0,      -0.193438602,     0.04444577548,     -0.2523345702,                 0,      -5.677357801
          0,           0,         227,      -11.44976301,       -8.92103752,      -9.028970035,      -5.642161626,            280000,     0.04444577548,     -0.2523345702,                 0,                 0,                 0,      -0.193438602,     0.04444577548,     -0.2523345702,                 0,      -5.677357801
          0,           0,         228,      -11.49676597,      -8.965698653,      -9.074486999,      -5.689269134,            280000,     0.04444577548,     -0.2523345702,                 0,                 0,                 0,      -0.193438602,     0.04444577548,     -0.2523345702,                 0,      -5.677357801
          0,           0,         229,      -11.54387398,      -9.011106634,       -9.12093439,      -5.736308179,            280000,     0.04444577548,     -0.2523345702,                 0,                 0,                 0,      -0.193438602,     0.04444577548,     -0.2523345702,                 0,      -5.677357801
          0,           0,         230,      -11.59115987,       -9.05755134,      -9.168255437,      -5.783420453,            280000,     0.04444577548,     -0.2523345702,                 0,                 0,                 0,      -0.193438602,     0.04444577548,     -0.2523345702,                 0,      -5.677357801
          0,           0,         231,      -11.63881436,      -9.105308102,        -9.2163784,      -5.830801282,            280000,     0.04444577548,     -0.2523345702,                 0,                 0,                 0,      -0.193438602,     0.04444577548,     -0.2523345702,                 0,      -5.677357801
          0,           0,         232,      -11.68682899,      -9.154105778,      -9.265140815,      -5.878498189,            280000,     0.04444577548,     -0.2523345702,                 0,                 0,                 0,      -0.193438602,     0.04444577548,     -0.2523345702,                 0,      -5.677357801
          0,           0,         233,       -11.7353654,      -9.203750127,      -9.314349665,      -5.926671155,            280000,     0.04444577548,     -0.2523345702,                 0,                 0,                 0,      -0.193438602,     0.04444577548,     -0.2523345702,                 0,      -5.677357801
          0,           0,         234,      -11.78433744,      -9.253980264,      -9.363813392,      -5.975305566,            280000,     0.04444577548,     -0.2523345702,                 0,                 0,                 0,      -0.193438602,     0.04444577548,     -0.2523345702,                 0,      -5.677357801
          0,           0,         235,      -11.83357574,      -9.304123814,      -9.413363373,      -6.024291475,            280000,     0.04444577548,     -0.2523345702,                 0,                 0,                 0,      -0.193438602,     0.04444577548,     -0.2523345702,                 0,      -5.677357801
          0,           0,         236,      -11.88277174,      -9.353712379,      -9.462938935,      -6.073407987,            280000,     0.04444577548,     -0.2523345702,                 0,                 0,                 0,      -0.193438602,     0.04444577548,     -0.2523345702,                 0,      -5.677357801
          0,           0,         237,      -11.93196052,      -9.402825381,      -9.512422586,      -6.122622485,            280000,     0.04444577548,     -0.2523345702,                 0,                 0,                 0,      -0.193438602,     0.04444577548,     -0.2523345702,                 0,      -5.677357801
          0,           0,         238,      -11.98087657,      -9.450689182,      -9.561509683,       -6.17170499,            280000,     0.04444577548,     -0.2523345702,                 0,                 0,                 0,      -0.193438602,     0.04444577548,     -0.2523345702,                 0,      -5.677357801
          0,           0,         239,      -12.02972127,      -9.498004216,      -9.609950878,      -6.220743876,            280000,     0.04444577548,     -0.2523345702,                 0,                 0,                 0,      -0.193438602,     0.04444577548,     -0.2523345702,                 0,      -5.677357801
          0,           0,         240,      -12.07870336,      -9.544913051,      -9.657581343,      -6.269842075,            280000,     0.04444577548,     -0.2523345702,                 0,                 0,                 0,      -0.193438602,     0.04444577548,     -0.2523345702,                 0,      -5.677357801
          0,           0,         241,      -12.12779633,      -9.592136131,      -9.704969196,       -6.31899745,            280000,     0.04444577548,     -0.2523345702,                 0,                 0,                 0,      -0.193438602,     0.04444577548,     -0.2523345702,                 0,      -5.677357801
          0,           0,         242,      -12.17696837,      -9.640068485,      -9.752308995,      -6.368179386,            280000,     0.04444577548,     -0.2523345702,                 0,                 0,                 0,      -0.193438602,     0.04444577548,     -0.2523345702,                 0,      -5.677357801
          0,           0,         243,      -12.22588933,      -9.688242155,      -9.799876891,      -6.417114916,            280000,     0.04444577548,     -0.2523345702,                 0,                 0,                 0,      -0.193438602,     0.04444577548,     -0.2523345702,                 0,      -5.677357801
          0,           0,         244,      -12.27456024,      -9.736842832,      -9.847566867,      -6.465892513,            280000,     0.04444577548,     -0.2523345702,                 0,                 0,                 0,      -0.193438602,     0.04444577548,     -0.2523345702,                 0,      -5.677357801
          0,           0,         245,      -12.32295757,      -9.785316627,       -9.89577061,      -6.514280807,            280000,     0.04444577548,     -0.2523345702,                 0,                 0,                 0,      -0.193438602,     0.04444577548,     -0.2523345702,                 0,      -5.677357801
          0,           0,         246,      -12.37155855,       -9.83414398,       -9.94442348,      -6.562823509,            280000,     0.04444577548,     -0.2523345702,                 0,                 0,                 0,      -0.193438602,     0.04444577548,     -0.2523345702,                 0,      -5.677357801
          0,           0,         247,      -12.42041594,      -9.882829027,       -9.99358168,      -6.611466878,            280000,     0.04444577548,     -0.2523345702,                 0,                 0,                 0,      -0.193438602,     0.04444577548,     -0.2523345702,                 0,      -5.677357801
          0,           0,         248,      -12.46966198,      -9.932173021,      -10.04361455,      -6.660500321,            280000,     0.04444577548,     -0.2523345702,                 0,                 0,                 0,      -0.193438602,     0.04444577548,     -0.2523345702,                 0,      -5.677357801
          0,           0,         249,      -12.51912033,      -9.980653534,      -10.09401257,      -6.709735359,            280000,     0.04444577548,     -0.2523345702,                 0,                 0,                 0,      -0.193438602,     0.04444577548,     -0.2523345702,                 0,      -5.677357801
          0,           0,         250,      -12.56857341,      -10.02866533,      -10.14513317,      -6.758965475,            280000,     0.04444577548,     -0.2523345702,                 0,                 0,                 0,      -0.193438602,     0.04444577548,     -0.2523345702,                 0,      -5.677357801
          0,           0,         251,      -12.61847439,      -10.07770494,      -10.19702021,      -6.808456355,            280000,     0.04444577548,     -0.2523345702,                 0,                 0,                 0,      -0.193438602,     0.04444577548,     -0.2523345702,                 0,      -5.677357801
          0,           0,         252,      -12.66873567,      -10.12574659,      -10.24926085,      -6.858494661,            280000,     0.04444577548,     -0.2523345702,                 0,                 0,                 0,      -0.193438602,     0.04444577548,     -0.2523345702,                 0,      -5.677357801
          0,           0,         253,      -12.71871182,      -10.17349584,       -10.3006085,      -6.908680657,            280000,     0.04444577548,     -0.2523345702,                 0,                 0,                 0,      -0.193438602,     0.04444577548,     -0.2523345702,                 0,      -5.677357801
          0,           0,         254,      -12.76847177,      -10.22006312,      -10.35115812,      -6.958545376,            280000,     0.04444577548,     -0.2523345702,                 0,                 0,                 0,      -0.193438602,     0.04444577548,     -0.2523345702,                 0,      -5.677357801
          0,           0,         255,      -12.81907541,      -10.26696139,      -10.40135734,      -7.008917404,            280000,     0.04444577548,     -0.2523345702,                 0,                 0,                 0,      -0.193438602,     0.04444577548,     -0.2523345702,                 0,      -5.677357801
          0,           0,         256,      -12.86928828,      -10.31570089,       -10.4502123,      -7.059245103,            280000,     0.04444577548,     -0.2523345702,                 0,                 0,                 0,      -0.193438602,     0.04444577548,     -0.2523345702,                 0,      -5.677357801
          0,           0,         257,      -12.91971855,       -10.3645185,      -10.49878292,      -7.110395147,            280000,     0.04444577548,     -0.2523345702,                 0,                 0,                 0,      -0.193438602,     0.04444577548,     -0.2523345702,                 0,      -5.677357801
          0,           0,         258,      -12.96957349,      -10.41172617,      -10.54726186,      -7.160019961,            280000,     0.04444577548,     -0.2523345702,                 0,                 0,                 0,      -0.193438602,     0.04444577548,     -0.2523345702,                 0,      -5.677357801
          0,           0,         259,      -13.01980857,      -10.46057385,      -10.59659131,       -7.21001304,            280000,     0.04444577548,     -0.2523345702,                 0,                 0,                 0,      -0.193438602,     0.04444577548,     -0.2523345702,                 0,      -5.677357801
